,classes,key,sentence
0,M,ACORDAO-COMPLETO-22628,"Pedido de Reexame, em processo de Representação, contra deliberação desta Corte que determinou ao Ministério da Saúde a adoção das medidas necessárias à anulação de Concorrência realizada pelo órgão, devido à quebra de sigilo das propostas de preço."
1,F,ACORDAO-COMPLETO-22628,"Não-apresentação, pela interessada, de elementos suficientes para infirmar os fundamentos da deliberação recorrida."
2,A,ACORDAO-COMPLETO-22628,Conhecimento.
3,D,ACORDAO-COMPLETO-22628,Não-provimento.
4,M,ACORDAO-COMPLETO-1260994,CONCORRÊNCIA Nº 09/2012-00.
5,O,ACORDAO-COMPLETO-1260994,SERVIÇO DE CONSERVAÇÃO/RECUPERAÇÃO DA RODOVIA BR-290.
6,P,ACORDAO-COMPLETO-1260994,DESCLASSIFICAÇÃO DE LICITANTE POR FALHAS NAS COMPOSIÇÕES DE CUSTO UNITÁRIO.
7,T,ACORDAO-COMPLETO-1260994,REPRESENTAÇÃO COM PEDIDO DE MEDIDA CAUTELAR.
8,E,ACORDAO-COMPLETO-1260994,AGRAVO CONTRA DECISÃO MONOCRÁTICA QUE DETERMINOU A OITIVA.
9,F,ACORDAO-COMPLETO-1260994,INTEMPESTIVIDADE.
10,A,ACORDAO-COMPLETO-1260994,NÃO CONHECIMENTO.
11,R,ACORDAO-COMPLETO-1260994,PROVIDÊNCIAS INTERNAS.
12,T,ACORDAO-COMPLETO-36561,REPRESENTAÇÃO.
13,O,ACORDAO-COMPLETO-36561,EDITAL DE CONCORRÊNCIA PARA OBRAS DE ADEQUAÇÃO DA RODOVIA BR-230/PB.
14,P,ACORDAO-COMPLETO-36561,REGRA RESTRITIVA À COMPETITIVIDADE DO CERTAME.
15,P,ACORDAO-COMPLETO-36561,DESCUMPRIMENTO DE DELIBERAÇÃO DO TRIBUNAL DE CONTAS DA UNIÃO.
16,R,ACORDAO-COMPLETO-36561,MULTA.
17,R,ACORDAO-COMPLETO-36561,DETERMINAÇÃO AO DNIT.
18,T,ACORDAO-COMPLETO-1261362,DESESTATIZAÇÃO.
19,O,ACORDAO-COMPLETO-1261362,"TERCEIRO E QUARTO ESTÁGIOS DA PRIMEIRA RODADA DE CONCORRÊNCIAS PARA A CONTRATAÇÃO DE INSTALAÇÃO E OPERAÇÃO DE AGÊNCIAS DE CORREIOS FRANQUEADAS (AGFs), SOB O REGIME DE FRANQUIA POSTAL."
20,P,ACORDAO-COMPLETO-1261362,"DESCUMPRIMENTO DO PRAZO PREVISTO NO ART. 9º, PARÁGRAFO ÚNICO, DA IN-TCU 27/1998."
21,D,ACORDAO-COMPLETO-1261362,APROVAÇÃO DO TERCEIRO ESTÁGIO.
22,D,ACORDAO-COMPLETO-1261362,APROVAÇÃO COM RESSALVA DO QUARTO ESTÁGIO.
23,R,ACORDAO-COMPLETO-1261362,CIÊNCIA À ENTIDADE.
24,R,ACORDAO-COMPLETO-1261362,ENVIO DE CÓPIAS.
25,R,ACORDAO-COMPLETO-1261362,ARQUIVAMENTO.
26,0,ACORDAO-COMPLETO-1335718,EMBARGOS DE DECLARAÇÃO.
27,T,ACORDAO-COMPLETO-1335718,REPRESENTAÇÃO.
28,M,ACORDAO-COMPLETO-1335718,CONCORRÊNCIA.
29,P,ACORDAO-COMPLETO-1335718,PRAZO PARA RECEBIMENTO DE PROPOSTAS INFERIOR AO EXIGIDO NA LEI DE LICITAÇÕES.
30,D,ACORDAO-COMPLETO-1335718,REJEIÇÃO DAS RAZÕES DE JUSTIFICATIVA.
31,R,ACORDAO-COMPLETO-1335718,MULTA.
32,F,ACORDAO-COMPLETO-1335718,"AUSÊNCIA DE OMISSÃO, OBSCURIDADE E CONTRADIÇÃO."
33,R,ACORDAO-COMPLETO-1335718,CONHECIMENTO.
34,R,ACORDAO-COMPLETO-1335718,REJEIÇÃO.
35,R,ACORDAO-COMPLETO-1335718,CIÊNCIA.
36,T,ACORDAO-COMPLETO-1211564,REPRESENTAÇÃO ENCAMINHADA PELA OUVIDORIA DO TCU.
37,P,ACORDAO-COMPLETO-1211564,DISPENSA DE LICITAÇÃO PARA PERMUTA DE IMÓVEL.
38,P,ACORDAO-COMPLETO-1211564,VIABILIDADE DE COMPETIÇÃO ENTRE PARTICULARES.
39,D,ACORDAO-COMPLETO-1211564,PROCEDÊNCIA.
40,R,ACORDAO-COMPLETO-1211564,FIXAÇÃO DE PRAZO PARA ANULAÇÃO DO ATO.
41,F,ACORDAO-COMPLETO-1211564,"1. A dispensa de licitação com base na alínea c do inciso I do art. 17 da Lei n. 8.666/1993 pressupõe que as especificidades do imóvel adquirido sejam essenciais para atingir a finalidade pública à qual ele será destinado, condicionando a sua escolha."
42,F,ACORDAO-COMPLETO-1211564,"2. A permuta de terreno pertencente à entidade da Administração Pública por unidades imobiliárias a serem nele construídas futuramente não se insere na hipótese de dispensa de licitação acima mencionada, devendo ser precedida de procedimento licitatório na modalidade concorrência, uma vez que em tal situação não há falar em imóvel específico que atenda as necessidades do contratante, existindo, portanto, viabilidade de competição entre particulares."
43,T,ACORDAO-COMPLETO-1187596,REPRESENTAÇÃO.
44,P,ACORDAO-COMPLETO-1187596,SUPOSTAS IRREGULARIDADES NA CONCORRÊNCIA PÚBLICA 002/2011.
45,0,ACORDAO-COMPLETO-1187596,SUSPENSÃO DO PROCEDIMENTO LICITATÓRIO.
46,D,ACORDAO-COMPLETO-1187596,PROCEDÊNCIA DOS FATOS APONTADOS.
47,0,ACORDAO-COMPLETO-1187596,SOLUÇÃO DE QUASE TODAS AS OCORRÊNCIAS CONSTATADAS.
48,R,ACORDAO-COMPLETO-1187596,DETERMINAÇÃO.
49,R,ACORDAO-COMPLETO-1187596,COMUNICAÇÃO.
50,R,ACORDAO-COMPLETO-1187596,APENSAMENTO DOS AUTOS AO PROCESSO DE MONITORAMENTE QUE VIER A SER CONSTITUÍDO.
51,S,ACORDAO-COMPLETO-1513581,PEDIDO DE REEXAME.
52,T,ACORDAO-COMPLETO-1513581,REPRESENTAÇÃO DO MINISTÉRIO PÚBLICO FEDERAL - PROCURADORIA DA REPÚBLICA EM GOIÁS - 2º OFÍCIO DO NÚCLEO DE COMBATE À CORRUPÇÃO.
53,P,ACORDAO-COMPLETO-1513581,INDÍCIOS DE IRREGULARIDADES NA CONCORRÊNCIA PÚBLICA OBJETO DO EDITAL 785/2009-12 DNIT-GO.
54,A,ACORDAO-COMPLETO-1513581,CONHECIMENTO DA REPRESENTAÇÃO.
55,D,ACORDAO-COMPLETO-1513581,PROCEDÊNCIA PARCIAL.
56,R,ACORDAO-COMPLETO-1513581,CIÊNCIA À CGU PARA VERIFICAR AS IRREGULARIDADES E COMUNICAR AO TCU SOBRE OS RESULTADOS.
57,0,ACORDAO-COMPLETO-1513581,ACÓRDÃO 1.859/2015 - 1ª CÂMARA.
58,A,ACORDAO-COMPLETO-1513581,CONHECIMENTO DO RECURSO.
59,D,ACORDAO-COMPLETO-1513581,PROVIMENTO.
60,R,ACORDAO-COMPLETO-1513581,ENCAMINHAMENTO DOS AUTOS À SECEX/GO PARA APURAR EVENTUAIS RESPONSABILIDADES DOS SERVIDORES DO DNIT E DAS EMPRESAS ENVOLVIDAS NO CERTAME.
61,T,ACORDAO-COMPLETO-15460,Denúncia.
62,P,ACORDAO-COMPLETO-15460,Possíveis irregularidades na Concorrência nº 4/2001 da Empresa de Trens Urbanos de Porto Alegre S.A. - Trensurb.
63,E,ACORDAO-COMPLETO-15460,Inspeção determinada por decisão anterior.
64,P,ACORDAO-COMPLETO-15460,"Irregularidades decorrentes de restrições ao caráter competitivo do certame, preços orçados superiores aos de mercado e inadequação do orçamento relativo ao fornecimento de sistemas."
65,R,ACORDAO-COMPLETO-15460,"Fixação de prazo para o exato cumprimento da lei, com a anulação da concorrência."
66,R,ACORDAO-COMPLETO-15460,Determinações.
67,D,ACORDAO-COMPLETO-15460,Indeferimento de petições.
68,R,ACORDAO-COMPLETO-15460,"Ciência aos Ministros de Estado das Cidades e dos Transportes, à entidade, aos consórcios participantes da licitação, à empresa Andrade Gutierrez S.A., aos Presidentes do Senado Federal, da Câmara dos Deputados, da Comissão Mista de Planos, Orçamentos Públicos e Fiscalização do Congresso Nacional, da Comissão de Fiscalização Financeira e Controle da Câmara dos Deputados e à Procuradoria da República no Rio Grande do Sul."
69,T,ACORDAO-COMPLETO-1243863,REPRESENTAÇÃO.
70,P,ACORDAO-COMPLETO-1243863,"IRREGULARIDADES VERIFICADAS NA CONCORRÊNCIA Nº 2/2012, CONDUZIDA PELA PREFEITURA MUNICIPAL DE EMBU DAS ARTES (SP)."
71,A,ACORDAO-COMPLETO-1243863,CONHECIMENTO.
72,E,ACORDAO-COMPLETO-1243863,OITIVA.
73,D,ACORDAO-COMPLETO-1243863,PROCEDÊNCIA.
74,R,ACORDAO-COMPLETO-1243863,SUSPENSÃO DO CERTAME.
75,R,ACORDAO-COMPLETO-1243863,CIÊNCIA AOS INTERESSADOS.
76,T,ACORDAO-COMPLETO-30793,TOMADA DE CONTAS ESPECIAL.
77,P,ACORDAO-COMPLETO-30793,FRAUDE À LICITAÇÃO.
78,P,ACORDAO-COMPLETO-30793,EXPEDIÇÃO DE CONVITES A EMPRESAS SEM EXISTÊNCIA FÍSICA E/OU SEM CAPACIDADE ADMINISTRATIVA E OPERACIONAL.
79,P,ACORDAO-COMPLETO-30793,QUEBRA DO SIGILO DAS PROPOSTAS.
80,D,ACORDAO-COMPLETO-30793,ILEGALIDADE.
81,R,ACORDAO-COMPLETO-30793,MULTA.
82,R,ACORDAO-COMPLETO-30793,INABILITAÇÃO PARA O EXERCÍCIO DE CARGO EM COMISSÃO OU FUNÇÃO DE CONFIANÇA.
83,R,ACORDAO-COMPLETO-30793,DECLARAÇÃO DE INIDONEIDADE DOS LICITANTES FRAUDADORES.
84,T,ACORDAO-COMPLETO-1245543,TOMADA DE CONTAS ESPECIAL CONVERTIDA DE AUDITORIA.
85,0,ACORDAO-COMPLETO-1245543,VERIFICAÇÃO DA EXECUÇÃO DE CONVÊNIOS E DE PROCEDIMENTOS RELATIVOS A LICITAÇÕES E CONTRATOS.
86,P,ACORDAO-COMPLETO-1245543,PAGAMENTOS POR MATERIAIS NÃO FORNECIDOS.
87,P,ACORDAO-COMPLETO-1245543,CONTRATAÇÕES DIRETAS SEM AMPARO LEGAL.
88,P,ACORDAO-COMPLETO-1245543,AQUISIÇÃO DE PRODUTOS A PREÇOS EXCESSIVAMENTE SUPERIORES AOS DE MERCADO.
89,P,ACORDAO-COMPLETO-1245543,INOBSERVÂNCIA DE NÚMERO MÍNIMO DE PROPOSTAS VÁLIDAS NAS LICITAÇÕES NA MODALIDADE DE CONVITE.
90,P,ACORDAO-COMPLETO-1245543,RECEBIMENTO DE MATERIAIS COM DEFEITOS.
91,D,ACORDAO-COMPLETO-1245543,CONTAS IRREGULARES.
92,R,ACORDAO-COMPLETO-1245543,DÉBITO.
93,R,ACORDAO-COMPLETO-1245543,MULTA.
94,S,ACORDAO-COMPLETO-1245543,RECURSOS DE RECONSIDERAÇÃO.
95,F,ACORDAO-COMPLETO-1245543,INTEMPESTIVIDADE DE UM DOS PEDIDOS.
96,F,ACORDAO-COMPLETO-1245543,AUSÊNCIA DE FATOS NOVOS.
97,A,ACORDAO-COMPLETO-1245543,NÃO CONHECIMENTO.
98,D,ACORDAO-COMPLETO-1245543,ACOLHIMENTO DAS RAZÕES RECURSAIS DE UMA RECORRENTE.
99,F,ACORDAO-COMPLETO-1245543,AUSÊNCIA DE ELEMENTOS PARA JUSTIFICAR SUA CONDENAÇÃO.
100,A,ACORDAO-COMPLETO-1245543,CONHECIMENTO.
101,D,ACORDAO-COMPLETO-1245543,PROVIMENTO.
102,F,ACORDAO-COMPLETO-1245543,INSUFICIÊNCIA DE ARGUMENTOS PARA ALTERAR O ACÓRDÃO RECORRIDO.
103,A,ACORDAO-COMPLETO-1245543,CONHECIMENTO.
104,D,ACORDAO-COMPLETO-1245543,NEGATIVA DE PROVIMENTO.
105,T,ACORDAO-COMPLETO-31905,REPRESENTAÇÃO.
106,N,ACORDAO-COMPLETO-31905,CASA DA MOEDA DO BRASIL.
107,P,ACORDAO-COMPLETO-31905,DIRECIONAMENTO DE CONVITE.
108,P,ACORDAO-COMPLETO-31905,FRAUDE À LICITAÇÃO.
109,P,ACORDAO-COMPLETO-31905,REALIZAÇÃO DE DILIGÊNCIA INDEVIDA EM TOMADA DE PREÇOS.
110,P,ACORDAO-COMPLETO-31905,PRÁTICA DE PREÇOS EXCESSIVOS.
111,D,ACORDAO-COMPLETO-31905,DÉBITO.
112,R,ACORDAO-COMPLETO-31905,CONVERSÃO EM TCE.
113,F,ACORDAO-COMPLETO-31905,CONTRATO AINDA EM ANDAMENTO.
114,R,ACORDAO-COMPLETO-31905,CONCESSÃO DE MEDIDA CAUTELAR.
115,R,ACORDAO-COMPLETO-31905,"OITIVA DAS EMPRESAS QUE PARTICIPARAM DO CONVITE, PARA FINS DE DECLARAÇÃO DE INIDONEIDADE."
116,T,ACORDAO-COMPLETO-1702726,TOMADA DE CONTAS ESPECIAL.
117,0,ACORDAO-COMPLETO-1702726,CONVÊNIO.
118,O,ACORDAO-COMPLETO-1702726,IRREGULARIDADES NA AQUISIÇÃO DE ÔNIBUS ESCOLAR NO ÂMBITO DO PNTE.
119,P,ACORDAO-COMPLETO-1702726,AFASTAMENTO DO DÉBITO.
120,P,ACORDAO-COMPLETO-1702726,OCORRÊNCIA DE FRAUDE NO PROCEDIMENTO LICITATÓRIO.
121,P,ACORDAO-COMPLETO-1702726,CONTAS IRREGULARES DO EX-PREFEITO.
122,R,ACORDAO-COMPLETO-1702726,MULTA.
123,S,ACORDAO-COMPLETO-1702726,RECURSO DE RECONSIDERAÇÃO.
124,A,ACORDAO-COMPLETO-1702726,CONHECIMENTO.
125,F,ACORDAO-COMPLETO-1702726,ELEMENTOS INCAPAZES DE MODIFICAR O JUÍZO FORMADO.
126,D,ACORDAO-COMPLETO-1702726,NÃO PROVIMENTO.
127,F,ACORDAO-COMPLETO-1702726,"A presença de sócios comuns em licitações, especialmente na modalidade convite, afronta o art. 3º da Lei 8.666/1993, pois impede a livre concorrência, comprometendo, ainda, o sigilo das propostas, e, consequentemente, o interesse maior da licitação: a busca da proposta mais vantajosa para a Administração."
128,T,ACORDAO-COMPLETO-1567578,TOMADA DE CONTAS ESPECIAL.
129,0,ACORDAO-COMPLETO-1567578,CONVÊNIO.
130,P,ACORDAO-COMPLETO-1567578,EXECUÇÃO PARCIAL DO OBJETO.
131,P,ACORDAO-COMPLETO-1567578,AUSÊNCIA DE PROVA DE QUE HOUVE APENAS DESVIO DE OBJETO.
132,P,ACORDAO-COMPLETO-1567578,"IRREGULARIDADE DAS CONTAS, DÉBITO E MULTA AO RESPONSÁVEL."
133,S,ACORDAO-COMPLETO-1567578,RECURSOS DE RECONSIDERAÇÃO.
134,A,ACORDAO-COMPLETO-1567578,CONHECIMENTO.
135,D,ACORDAO-COMPLETO-1567578,PROVIMENTO NEGADO.
136,M,ACORDAO-COMPLETO-1567578,ILEGALIDADE DO CONVITE PARA CONTRATAÇÃO DA EMPRESA RESPONSÁVEL PELA EXECUÇÃO DO OBJETO.
137,R,ACORDAO-COMPLETO-1567578,MULTA AOS RESPONSÁVEIS PELO CONVITE.
138,A,ACORDAO-COMPLETO-1567578,CONHECIMENTO DO RECURSO.
139,0,ACORDAO-COMPLETO-1567578,FATO ISOLADO NA CONDUÇÃO IRREGULAR DO CONVITE.
140,0,ACORDAO-COMPLETO-1567578,PRESCRIÇÃO DA MULTA.
141,D,ACORDAO-COMPLETO-1567578,PROVIMENTO.
142,T,ACORDAO-COMPLETO-1642662,TOMADA DE CONTAS ESPECIAL.
143,D,ACORDAO-COMPLETO-1642662,DÉBITO.
144,R,ACORDAO-COMPLETO-1642662,MULTA.
145,S,ACORDAO-COMPLETO-1642662,RECURSO DE RECONSIDERAÇÃO.
146,F,ACORDAO-COMPLETO-1642662,ORDENAR A REALIZAÇÃO DE PROCEDIMENTO LICITATÓRIO OU DISPENSÁ-LO É ATO PRÓPRIO DE COMPETÊNCIA DO ORDENADOR DE DESPESAS E NÃO DA CPL.
147,F,ACORDAO-COMPLETO-1642662,A AUSÊNCIA DE DANOS MATERIAIS NÃO AFASTA A ILICITUDE DA SIMULAÇÃO DE PROCEDIMENTO LICITATÓRIO.
148,F,ACORDAO-COMPLETO-1642662,MERAS IRREGULARIDADES FORMAIS NÃO RETIRAM DO DOCUMENTO FISCAL A SUA CAPACIDADE DE COMPROVAR A REGULARIDADE DA DESPESA.
149,F,ACORDAO-COMPLETO-1642662,"A AUSÊNCIA DE DESCONTOS PREVIDENCIÁRIOS E DO IMPOSTO DE RENDA POR PARTE DOS MUNICÍPIOS NÃO JUSTIFICA, POR SI, A ATUAÇÃO DO TCU."
150,F,ACORDAO-COMPLETO-1642662,TODO DESEMBOLSO DEVE CORRESPONDER A UMA DESPESA EFETIVA.
151,F,ACORDAO-COMPLETO-1642662,"CONTRATAÇÃO DE FIRMA FISICAMENTE INEXISTENTE, POR MEIO DE CONVITE, CONSTITUI IRREGULARIDADE GRAVE."
152,D,ACORDAO-COMPLETO-1642662,PROVIMENTO PARCIAL.
153,R,ACORDAO-COMPLETO-1642662,REDUÇÃO DO DÉBITO E DA MULTA.
154,T,ACORDAO-COMPLETO-1182096,TOMADA DE CONTAS ESPECIAL.
155,0,ACORDAO-COMPLETO-1182096,CONVÊNIO.
156,P,ACORDAO-COMPLETO-1182096,FRAUDE EM PROCEDIMENTO LICITATÓRIO.
157,P,ACORDAO-COMPLETO-1182096,EMPRESAS PARTICIPANTES DE CONVITE GERIDAS POR UM MESMO PROCURADOR.
158,P,ACORDAO-COMPLETO-1182096,PARENTE CONSANGUÍNEO DO EXPREFEITO.
159,P,ACORDAO-COMPLETO-1182096,PARTICIPAÇÃO DE EMPRESAS SEM EXISTÊNCIA FÁTICA.
160,P,ACORDAO-COMPLETO-1182096,INEXECUÇÃO DO OBJETO PREVISTO NO CONVÊNIO.
161,R,ACORDAO-COMPLETO-1182096,DECLARAÇÃO DE INIDONEIDADE.
162,R,ACORDAO-COMPLETO-1182096,INABILITAÇÃO.
163,D,ACORDAO-COMPLETO-1182096,CONTAS IRREGULARES.
164,R,ACORDAO-COMPLETO-1182096,DÉBITO E MULTA.
165,F,ACORDAO-COMPLETO-1182096,"1. Considera-se fraude em licitação quando não comprovada a existência fática da empresa vencedora do certame e de sua concorrente, o que leva à declaração de inidoneidade."
166,F,ACORDAO-COMPLETO-1182096,"2. É também evidente a comprovação de fraude à licitação quando se constata que duas das três licitantes são representadas por um mesmo procurador, com mandato de poderes ilimitados, sendo esse parente consanguíneo do gestor municipal."
167,T,ACORDAO-COMPLETO-30831,TOMADA DE CONTAS ESPECIAL.
168,P,ACORDAO-COMPLETO-30831,FRAUDE À LICITAÇÃO.
169,P,ACORDAO-COMPLETO-30831,EXPEDIÇÃO DE CONVITES A EMPRESAS SEM EXISTÊNCIA FÍSICA E/OU SEM CAPACIDADE ADMINISTRATIVA E OPERACIONAL.
170,P,ACORDAO-COMPLETO-30831,QUEBRA DO SIGILO DAS PROPOSTAS.
171,D,ACORDAO-COMPLETO-30831,ILEGALIDADE.
172,R,ACORDAO-COMPLETO-30831,MULTA.
173,R,ACORDAO-COMPLETO-30831,DÉBITO.
174,R,ACORDAO-COMPLETO-30831,INABILITAÇÃO PARA O EXERCÍCIO DE CARGO EM COMISSÃO OU FUNÇÃO DE CONFIANÇA.
175,R,ACORDAO-COMPLETO-30831,DECLARAÇÃO DE INIDONEIDADE DOS LICITANTES FRAUDADORES.
176,T,ACORDAO-COMPLETO-1171272,REPRESENTAÇÃO.
177,N,ACORDAO-COMPLETO-1171272,MUNICÍPIO DE ITABI/SE.
178,E,ACORDAO-COMPLETO-1171272,REALIZAÇÃO DE DILIGÊNCIAS.
179,P,ACORDAO-COMPLETO-1171272,ATOS PRATICADOS EM INOBSERVÂNCIA A NORMAS DE DIREITO ADMINISTRATIVO.
180,0,ACORDAO-COMPLETO-1171272,RESPONSABILIDADE DO EX-PREFEITO.
181,E,ACORDAO-COMPLETO-1171272,AUDIÊNCIA.
182,F,ACORDAO-COMPLETO-1171272,RAZÕES DE JUSTIFICATIVA INSUFICIENTES PARA ELIDIR A TOTALIDADE DAS OCORRÊNCIAS.
183,D,ACORDAO-COMPLETO-1171272,PROCEDÊNCIA PARCIAL.
184,R,ACORDAO-COMPLETO-1171272,APLICAÇÃO DE MULTA.
185,R,ACORDAO-COMPLETO-1171272,ARQUIVAMENTO.
186,F,ACORDAO-COMPLETO-1171272,"1. A subcontratação é regra de exceção, somente admitida quando não se mostrar viável sob a ótica técnica e/ou econômica a execução integral do objeto por parte da contratada, e desde que mediante autorização formal do ente contratante."
187,F,ACORDAO-COMPLETO-1171272,2. A subcontratação do objeto em sua inteireza não encontra amparo nas normas que disciplinam os contratos administrativos.
188,F,ACORDAO-COMPLETO-1171272,3. O parcelamento é um instrumento de que se deve valer o ente contratante para trazer à competição empresas dos segmentos de mercado aptos a operar com cada uma das parcelas que compõem o objeto licitado.
189,F,ACORDAO-COMPLETO-1171272,"4. Nas situações em que o objeto abarca um único segmento de mercado, a finalidade do parcelamento é permitir que empresas desse segmento, conquanto não tenham condições de fazer frente ao objeto em toda a sua integralidade, possam atender a demandas menores, resultantes da sua divisão em parcelas."
190,F,ACORDAO-COMPLETO-1171272,"5. Por interpretação analógica, e em homenagem aos princípios da publicidade, da isonomia, da impessoalidade e da economicidade, o orçamento elaborado pelo ente contratante deve ser divulgado como anexo do convite."
191,T,ACORDAO-COMPLETO-1131657,TOMADA DE CONTAS ESPECIAL.
192,0,ACORDAO-COMPLETO-1131657,CONVÊNIO.
193,P,ACORDAO-COMPLETO-1131657,FRAUDE EM PROCEDIMENTO LICITATÓRIO.
194,P,ACORDAO-COMPLETO-1131657,EMPRESAS PARTICIPANTES DE CONVITE GERIDAS POR UM MESMO PROCURADOR.
195,P,ACORDAO-COMPLETO-1131657,PARENTE CONSANGUÍNEO DO EX-PREFEITO.
196,P,ACORDAO-COMPLETO-1131657,PARTICIPAÇÃO DE EMPRESAS SEM EXISTÊNCIA FÁTICA.
197,P,ACORDAO-COMPLETO-1131657,NOTAS FISCAIS INIDÔNEAS.
198,D,ACORDAO-COMPLETO-1131657,CONTAS IRREGULARES.
199,R,ACORDAO-COMPLETO-1131657,DÉBITO E MULTA.
200,F,ACORDAO-COMPLETO-1131657,"Julgam-se irregulares as contas, com condenação solidária entre prefeito e empresa supostamente executora do objeto previsto em contrato de repasse quando comprovada a inexistência fática da empresa, presentes ainda notas fiscais inidôneas e indícios de fraude em procedimento licitatório."
201,T,ACORDAO-COMPLETO-1319806,REPRESENTAÇÃO DO § 1º DO ART. 113 DA LEI 8.666/1993.
202,A,ACORDAO-COMPLETO-1319806,CONHECIMENTO.
203,P,ACORDAO-COMPLETO-1319806,SUPOSTA VIOLAÇÃO AO ART. 3º DO DECRETO 7.174/2010.
204,P,ACORDAO-COMPLETO-1319806,NORMA QUE EXTRAPOLA DO PODER REGULAMENTAR E CRIA REQUISITO DE HABILITAÇÃO AO ARREPIO DA LEI 8.666/1993.
205,P,ACORDAO-COMPLETO-1319806,ILEGALIDADE DA REGRA EDITALÍCIA QUE ESTABELECEU A EXIGÊNCIA DE APRESENTAÇÃO DE CERTIFICAÇÕES COM BASE NO MENCIONADO DISPOSITIVO REGULAMENTAR.
206,P,ACORDAO-COMPLETO-1319806,NULIDADE DO PREGÃO ELETRÔNICO REALIZADO PELA ECT.
207,D,ACORDAO-COMPLETO-1319806,PROCEDÊNCIA PARCIAL.
208,T,ACORDAO-COMPLETO-1274046,REPRESENTAÇÃO.
209,M,ACORDAO-COMPLETO-1274046,PREGÃO ELETRÔNICO.
210,O,ACORDAO-COMPLETO-1274046,PRESTAÇÃO DE SERVIÇOS DE VIGILÂNCIA.
211,A,ACORDAO-COMPLETO-1274046,CONHECIMENTO.
212,D,ACORDAO-COMPLETO-1274046,INDEFERIMENTO DE MEDIDA CAUTELAR.
213,D,ACORDAO-COMPLETO-1274046,IMPROCEDÊNCIA.
214,R,ACORDAO-COMPLETO-1274046,CIÊNCIA AOS INTERESSADOS.
215,R,ACORDAO-COMPLETO-1274046,ARQUIVAMENTO.
216,T,ACORDAO-COMPLETO-1206924,REPRESENTAÇÃO.
217,M,ACORDAO-COMPLETO-1206924,PREGÃO ELETRÔNICO.
218,P,ACORDAO-COMPLETO-1206924,DIVERSAS FALHAS.
219,P,ACORDAO-COMPLETO-1206924,INFORMAÇÕES CONTRADITÓRIAS NOS DOCUMENTOS QUE INTEGRAM O EDITAL.
220,P,ACORDAO-COMPLETO-1206924,RESTRIÇÃO AO CARÁTER COMPETITIVO.
221,P,ACORDAO-COMPLETO-1206924,POSSÍVEL DIRECIONAMENTO DO CERTAME.
222,A,ACORDAO-COMPLETO-1206924,CONHECIMENTO.
223,D,ACORDAO-COMPLETO-1206924,ADOÇÃO DE MEDIDA CAUTELAR.
224,R,ACORDAO-COMPLETO-1206924,PREGÃO SUSPENSO.
225,E,ACORDAO-COMPLETO-1206924,OITIVA.
226,D,ACORDAO-COMPLETO-1206924,PROCEDÊNCIA.
227,R,ACORDAO-COMPLETO-1206924,DETERMINAÇÃO PARA ANULAÇÃO DO CERTAME E PARA REALIZAÇÃO DE AUDIÊNCIA DOS RESPONSÁVEIS QUANTO AOS INDÍCIOS DE DIRECIONAMENTO DA LICITAÇÃO.
228,R,ACORDAO-COMPLETO-1206924,CIÊNCIA.
229,T,ACORDAO-COMPLETO-33882,REPRESENTAÇÃO.
230,0,ACORDAO-COMPLETO-33882,LICITAÇÃO.
231,P,ACORDAO-COMPLETO-33882,"INOBSERVÂNCIA DO DISPOSTO NO ART. 1º DA LEI Nº 10.520/2002, BEM COMO DO ART. 2º DO DECRETO Nº 3.931/2001 QUE REGULAMENTA O SISTEMA DE REGISTRO DE PREÇOS."
232,D,ACORDAO-COMPLETO-33882,ANULAÇÃO DO PREGÃO.
233,T,ACORDAO-COMPLETO-32718,REPRESENTAÇÃO.
234,M,ACORDAO-COMPLETO-32718,PREGÃO ELETRÔNICO.
235,P,ACORDAO-COMPLETO-32718,RECEBIMENTO DE LANCE VIA FAX.
236,P,ACORDAO-COMPLETO-32718,FALHA FORMAL.
237,D,ACORDAO-COMPLETO-32718,PROCEDÊNCIA.
238,R,ACORDAO-COMPLETO-32718,DETERMINAÇÕES.
239,T,ACORDAO-COMPLETO-1191522,REPRESENTAÇÃO.
240,S,ACORDAO-COMPLETO-1191522,PEDIDO DE REEXAME.
241,M,ACORDAO-COMPLETO-1191522,PREGÃO.
242,P,ACORDAO-COMPLETO-1191522,EXIGÊNCIAS ATINENTES À HABILITAÇÃO E QUALIFICAÇÃO TÉCNICA.
243,P,ACORDAO-COMPLETO-1191522,MULTA APLICADA AO PREGOEIRO.
244,P,ACORDAO-COMPLETO-1191522,AUSÊNCIA DE RESTRIÇÃO AO CARÁTER COMPETITIVO DO CERTAME.
245,P,ACORDAO-COMPLETO-1191522,ATUAÇÃO COM VISTAS AO ATENDIMENTO DO INTERESSE PÚBLICO.
246,P,ACORDAO-COMPLETO-1191522,BOA-FÉ.
247,A,ACORDAO-COMPLETO-1191522,CONHECIMENTO.
248,D,ACORDAO-COMPLETO-1191522,PROVIMENTO.
249,P,ACORDAO-COMPLETO-1264446,SUPOSTAS IRREGULARIDADES EM PREGÃO ELETRÔNICO REALIZADO PELO NÚCLEO ESTADUAL DO MINISTÉRIO DA SAÚDE.
250,A,ACORDAO-COMPLETO-1264446,CONHECIMENTO.
251,D,ACORDAO-COMPLETO-1264446,IMPROCEDÊNCIA.
252,R,ACORDAO-COMPLETO-1264446,CIÊNCIA À REPRESENTANTE.
253,R,ACORDAO-COMPLETO-1264446,ARQUIVAMENTO.
254,T,ACORDAO-COMPLETO-1322182,REPRESENTAÇÃO COM PEDIDO DE CAUTELAR.
255,P,ACORDAO-COMPLETO-1322182,SUPOSTAS IRREGULARIDADES EM PREGÃO ELETRÔNICO.
256,P,ACORDAO-COMPLETO-1322182,ADJUDICAÇÃO A LICITANTE QUE APRESENTOU MENOR PREÇO GLOBAL POR LOTES.
257,A,ACORDAO-COMPLETO-1322182,CONHECIMENTO.
258,E,ACORDAO-COMPLETO-1322182,OITIVA PRÉVIA.
259,D,ACORDAO-COMPLETO-1322182,PROCEDÊNCIA PARCIAL DA REPRESENTAÇÃO.
260,0,ACORDAO-COMPLETO-1322182,"CONSIDERAÇÕES SOBRE O CRITÉRIO DE JULGAMENTO ADOTADO - MENOR PREÇO GLOBAL, COM ADJUDICAÇÃO POR LOTE."
261,0,ACORDAO-COMPLETO-1322182,EXCEÇÃO.
262,0,ACORDAO-COMPLETO-1322182,NECESSIDADE DE JUSTIFICATIVA CIRCUNSTANCIADA.
263,R,ACORDAO-COMPLETO-1322182,PERMISSÃO PARA AQUISIÇÃO DOS ITENS DA LICITANTE VENCEDORA PELA POLÍCIA FEDERAL E PARTICIPANTES.
264,R,ACORDAO-COMPLETO-1322182,DETERMINAÇÃO.
265,R,ACORDAO-COMPLETO-1322182,"NÃO AUTORIZAÇÃO DE ADESÕES POR ITENS ESPECÍFICOS, A MENOS QUE O ADERENTE VENHA A CONTRATAR O LOTE TOTAL."
266,R,ACORDAO-COMPLETO-1322182,ARQUIVAMENTO.
267,T,ACORDAO-COMPLETO-1134857,TOMADA DE CONTAS ESPECIAL.
268,N,ACORDAO-COMPLETO-1134857,EMPRESA BRASILEIRA DE CORREIOS E TELÉGRAFOS - ECT.
269,M,ACORDAO-COMPLETO-1134857,PREGÃO 26/2002.
270,O,ACORDAO-COMPLETO-1134857,AQUISIÇÃO DE COFRES.
271,P,ACORDAO-COMPLETO-1134857,CARACTERÍSTICAS DO PRODUTO FORNECIDO DIFEREM DO ESTABELECIDO NO EDITAL E NO CONTRATO.
272,P,ACORDAO-COMPLETO-1134857,VÍCIO OCULTO.
273,E,ACORDAO-COMPLETO-1134857,PERÍCIA.
274,F,ACORDAO-COMPLETO-1134857,DIFERENÇA DE VALOR.
275,D,ACORDAO-COMPLETO-1134857,DÉBITO.
276,E,ACORDAO-COMPLETO-1134857,CITAÇÃO.
277,D,ACORDAO-COMPLETO-1134857,REJEIÇÃO DAS ALEGAÇÕES DE DEFESA.
278,D,ACORDAO-COMPLETO-1134857,CONTAS IRREGULARES.
279,R,ACORDAO-COMPLETO-1134857,DÉBITO.
280,R,ACORDAO-COMPLETO-1134857,MULTA.
281,F,ACORDAO-COMPLETO-1134857,a) O recebimento (provisório ou definitivo) não elimina o dever de o particular responder pela integridade da coisa.
282,F,ACORDAO-COMPLETO-1134857,"Mesmo que o vício se revele em momento posterior ao recebimento (sendo impossível sua detecção na ocasião), o particular deverá responder por ele."
283,F,ACORDAO-COMPLETO-1134857,"b) Não há necessidade de comprovar que o agente público tenha agido com dolo, ou auferido benefício, para ser condenado a ressarcir o dano causado ao Erário, bastando a caracterização da culpa."
284,T,ACORDAO-COMPLETO-1301203,REPRESENTAÇÃO.
285,M,ACORDAO-COMPLETO-1301203,PREGÃO ELETRÔNICO.
286,E,ACORDAO-COMPLETO-1301203,CONCESSÃO DE MEDIDA CAUTELAR.
287,E,ACORDAO-COMPLETO-1301203,OITIVA.
288,P,ACORDAO-COMPLETO-1301203,"INOBSERVÂNCIA DO DISPOSTO NO ART. 15, IV, E ART. 23, § 1º, DA LEI 8.666/1993."
289,P,ACORDAO-COMPLETO-1301203,EXIGÊNCIAS RESTRITIVAS AO CARÁTER COMPETITIVO DA LICITAÇÃO.
290,P,ACORDAO-COMPLETO-1301203,NULIDADE DO CERTAME.
291,D,ACORDAO-COMPLETO-1301203,PROCEDÊNCIA PARCIAL.
292,T,ACORDAO-COMPLETO-1162428,REPRESENTAÇÃO.
293,P,ACORDAO-COMPLETO-1162428,INDÍCIOS DE FRAUDE À LICITAÇÃO E SUPERFATURAMENTO.
294,D,ACORDAO-COMPLETO-1162428,CONHECIMENTO E PROVIMENTO.
295,R,ACORDAO-COMPLETO-1162428,CONVERSÃO DOS AUTOS EM TCE.
296,F,ACORDAO-COMPLETO-1162428,Converte-se em Tomada de Contas Especial processo de Representação em que se constatam indícios de superfaturamento em contrato decorrente de Tomada de Preços realizada por órgão público federal.
297,M,ACORDAO-COMPLETO-70598,"Representação formulada por empresa licitante, noticiando possível ilegalidade em Tomada de Preços."
298,P,ACORDAO-COMPLETO-70598,"Exigência, no Edital, segundo a representante, de data de entrega de mercadorias impossível de ser satisfeita pelos concorrentes, restringindo o caráter competitivo do certame e gerando a desclassificação da empresa que ofereceu o menor preço."
299,P,ACORDAO-COMPLETO-70598,"Constatação, em Inspeção, de outras falhas no processo licitatório e na execução do contrato: início da Tomada de Preços sem crédito orçamentário disponível, emissão de nota de empenho posterior ao prazo de entrega de mercadorias previsto no edital, prorrogação injustificada do contrato, descumprimento do contrato pela empresa vencedora, sem que houvesse a devida repreensão da Administração."
300,E,ACORDAO-COMPLETO-70598,Audiência.
301,F,ACORDAO-COMPLETO-70598,"Ausência de provas suficientes quanto à alegação da representante, mas confirmação das outras falhas verificadas na Inspeção."
302,A,ACORDAO-COMPLETO-70598,Conhecimento.
303,D,ACORDAO-COMPLETO-70598,Improcedência.
304,R,ACORDAO-COMPLETO-70598,Determinações e juntada às contas do órgão realizador do certame.
305,T,ACORDAO-COMPLETO-69482,Representação.
306,P,ACORDAO-COMPLETO-69482,Possíveis irregularidades em tomada de preços realizada pela CODESA.
307,F,ACORDAO-COMPLETO-69482,Não houve restrição ao caráter competitivo da licitação.
308,F,ACORDAO-COMPLETO-69482,Ocorrência de falha formal.
309,A,ACORDAO-COMPLETO-69482,Conhecimento.
310,D,ACORDAO-COMPLETO-69482,Procedência parcial.
311,R,ACORDAO-COMPLETO-69482,Determinação à CODESA.
312,R,ACORDAO-COMPLETO-69482,Arquivamento dos autos.
313,R,ACORDAO-COMPLETO-69482,Ciência ao interessado e à empresa.
314,N,ACORDAO-COMPLETO-1273044,INSTITUTO BRASILEIRO DO MEIO AMBIENTE E DOS RECURSOS NATURAIS RENOVÁVEIS - IBAMA.
315,T,ACORDAO-COMPLETO-1273044,PRESTAÇÃO DE CONTAS.
316,0,ACORDAO-COMPLETO-1273044,EXERCÍCIO DE 2000.
317,M,ACORDAO-COMPLETO-1273044,TOMADA DE PREÇOS.
318,0,ACORDAO-COMPLETO-1273044,EDITAL E CONTRATO.
319,0,ACORDAO-COMPLETO-1273044,PREVISÃO E EFETIVAÇÃO DE PAGAMENTO ANTECIPADO.
320,0,ACORDAO-COMPLETO-1273044,SIMULAÇÃO DE LIQUIDAÇÃO DE DESPESA.
321,P,ACORDAO-COMPLETO-1273044,DANO AO ERÁRIO EM APURAÇÃO NA PRESTAÇÃO DE CONTAS DO EXERCÍCIO DE 2001.
322,S,ACORDAO-COMPLETO-1273044,RECURSO DE REVISÃO DO MP/TCU.
323,E,ACORDAO-COMPLETO-1273044,IDENTIFICAÇÃO E QUALIFICAÇÃO DOS RESPONSÁVEIS PELO ATO ADMINISTRATIVO IMPUGNADO.
324,E,ACORDAO-COMPLETO-1273044,INDIVIDUALIZAÇÃO DA RESPONSABILIDADE.
325,S,ACORDAO-COMPLETO-1273044,APRESENTAÇÃO DE CONTRARRAZÕES.
326,D,ACORDAO-COMPLETO-1273044,REJEIÇÃO.
327,A,ACORDAO-COMPLETO-1273044,CONHECIMENTO.
328,D,ACORDAO-COMPLETO-1273044,PROVIMENTO.
329,D,ACORDAO-COMPLETO-1273044,CONTAS IRREGULARES.
330,R,ACORDAO-COMPLETO-1273044,MULTA.
331,E,ACORDAO-COMPLETO-1273044,ACÓRDÃO 3.134/2012 - PLENÁRIO.
332,0,ACORDAO-COMPLETO-1273044,EMBARGOS DE DECLARAÇÃO.
333,A,ACORDAO-COMPLETO-1273044,CONHECER.
334,F,ACORDAO-COMPLETO-1273044,"AUSÊNCIA DE OMISSÃO, OBSCURIDADE OU CONTRADIÇÃO."
335,D,ACORDAO-COMPLETO-1273044,REJEIÇÃO.
336,O,ACORDAO-COMPLETO-73225,"Representação formulada por licitante apontando irregularidades na Tomada de Preços n.º 001/2000, realizada pelo IBAMA/AM, destinada à contratação de serviços de conservação e limpeza."
337,A,ACORDAO-COMPLETO-73225,Conhecimento.
338,D,ACORDAO-COMPLETO-73225,Parcialmente procedente.
339,R,ACORDAO-COMPLETO-73225,Determinações.
340,R,ACORDAO-COMPLETO-73225,Ciência à interessada.
341,R,ACORDAO-COMPLETO-73225,Juntada às contas da Unidade exercício de 2000.
342,T,ACORDAO-COMPLETO-1686929,"REPRESENTAÇÃO, COM PEDIDO DE MEDIDA CAUTELAR."
343,O,ACORDAO-COMPLETO-1686929,CONTRATAÇÃO DE EMPRESA PARA EXECUÇÃO DE OBRAS E SERVIÇOS DE CONSTRUÇÃO DE CRECHE NO MUNICÍPIO DE IGACI/AL.
344,N,ACORDAO-COMPLETO-1686929,RECURSOS DO FNDE.
345,P,ACORDAO-COMPLETO-1686929,INABILITAÇÃO INDEVIDA DE LICITANTE POR NÃO SE ENQUADRAR COMO EMPRESA DE PEQUENO PORTE - EPP.
346,P,ACORDAO-COMPLETO-1686929,"RISCO DE ILEGALIDADE NA TOMADA DE PREÇOS 08/2015, QUE ORIGINOU O CONTRATO 124/2016."
347,P,ACORDAO-COMPLETO-1686929,NÃO ATENDIMENTO À DILIGÊNCIA DO TRIBUNAL.
348,R,ACORDAO-COMPLETO-1686929,MULTA AO PREFEITO.
349,F,ACORDAO-COMPLETO-1686929,PRESENÇA DOS PRESSUPOSTOS PARA A CONCESSÃO DE MEDIDA CAUTELAR.
350,R,ACORDAO-COMPLETO-1686929,SUSPENSÃO DA EXECUÇÃO DO CONTRATO.
351,R,ACORDAO-COMPLETO-1686929,OITIVAS.
352,R,ACORDAO-COMPLETO-1686929,DILIGÊNCIA.
353,S,ACORDAO-COMPLETO-1326402,RECURSO DE REVISÃO INTERPOSTO PELO MP/TCU.
354,T,ACORDAO-COMPLETO-1326402,PRESTAÇÃO DE CONTAS DO EXERCÍCIO DE 2000.
355,M,ACORDAO-COMPLETO-1326402,TOMADA DE PREÇOS.
356,0,ACORDAO-COMPLETO-1326402,EDITAL E CONTRATO.
357,0,ACORDAO-COMPLETO-1326402,PREVISÃO DE PAGAMENTO ANTECIPADO.
358,E,ACORDAO-COMPLETO-1326402,EMISSÃO DE PARECER JURÍDICO IRREGULAR.
359,E,ACORDAO-COMPLETO-1326402,MULTA.
360,0,ACORDAO-COMPLETO-1326402,EMBARGOS DE DECLARAÇÃO.
361,D,ACORDAO-COMPLETO-1326402,REJEIÇÃO.
362,S,ACORDAO-COMPLETO-1326402,RECURSO DE RECONSIDERAÇÃO.
363,A,ACORDAO-COMPLETO-1326402,CONHECIMENTO.
364,D,ACORDAO-COMPLETO-1326402,PROVIMENTO PARCIAL.
365,0,ACORDAO-COMPLETO-36089,"RECURSO DE REVISÃO PARA REABERTURA DA PRESTAÇÃO DE CONTAS DA FUFAM, EXERCÍCIO DE 2003, JULGADA REGULAR COM RESSALVA, QUITAÇÃO AOS RESPONSÁVEIS E DETERMINAÇÕES."
366,A,ACORDAO-COMPLETO-36089,CONHECER.
367,D,ACORDAO-COMPLETO-36089,NEGAR PROVIMENTO.
368,R,ACORDAO-COMPLETO-36089,MANTER A DELIBERAÇÃO ANTERIOR.
369,R,ACORDAO-COMPLETO-36089,CIÊNCIA.
370,T,ACORDAO-COMPLETO-1227224,REPRESENTAÇÃO.
371,O,ACORDAO-COMPLETO-1227224,IRREGULARIDADES EM TOMADA DE PREÇOS PARA CONTRATAÇÃO DE EMPRESA DE ENGENHARIA COM VISTA À CONSTRUÇÃO DE ESCOLA MUNICIPAL.
372,E,ACORDAO-COMPLETO-1227224,APLICAÇÃO DE MULTAS.
373,E,ACORDAO-COMPLETO-1227224,PEDIDOS DE REEXAME.
374,A,ACORDAO-COMPLETO-1227224,CONHECIMENTO.
375,D,ACORDAO-COMPLETO-1227224,IMPROVIMENTO.
376,D,ACORDAO-COMPLETO-1227224,EMBARGOS DE DECLARAÇÃO.
377,A,ACORDAO-COMPLETO-1227224,NÃO CONHECIMENTO DE UM.
378,A,ACORDAO-COMPLETO-1227224,CONHECIMENTO DO OUTRO.
379,D,ACORDAO-COMPLETO-1227224,REJEIÇÃO.
380,O,ACORDAO-COMPLETO-14752,Representação acerca de irregularidades na aplicação de recursos transferidos ao município por meio de contrato de repasse firmado no âmbito do Programa Morar Melhor visando à execução de obras de saneamento.
381,O,ACORDAO-COMPLETO-14752,"Realização de licitações distintas para a contratação das obras e para a aquisição do material hidráulico nas modalidades convite e tomada de preços respectivamente, ao invés de se promover os certames observando a modalidade tomada de preços."
382,P,ACORDAO-COMPLETO-14752,"Infração ao art. 23, § 2°, da Lei n° 8.666/93."
383,A,ACORDAO-COMPLETO-14752,Conhecimento.
384,D,ACORDAO-COMPLETO-14752,Procedência.
385,R,ACORDAO-COMPLETO-14752,Determinação.
386,R,ACORDAO-COMPLETO-14752,Ciência aos interessados.
387,R,ACORDAO-COMPLETO-14752,Arquivamento.
388,T,ACORDAO-COMPLETO-1269494,DESESTATIZAÇÃO.
389,0,ACORDAO-COMPLETO-1269494,PRIMEIRO ESTÁGIO DE FISCALIZAÇÃO.
390,M,ACORDAO-COMPLETO-1269494,LEILÃO ANEEL Nº 1/2013.
391,D,ACORDAO-COMPLETO-1269494,APROVAÇÃO COM RESSALVAS.
392,R,ACORDAO-COMPLETO-1269494,RESTITUIÇÃO DOS AUTOS À UNIDADE TÉCNICA PARA ACOMPANHAMENTO DOS DEMAIS ESTÁGIOS.
393,T,ACORDAO-COMPLETO-1197074,ACOMPANHAMENTO.
394,M,ACORDAO-COMPLETO-1197074,LEILÃO ANEEL Nº 001/2010.
395,O,ACORDAO-COMPLETO-1197074,OUTORGA DE CONCESSÃO PARA PRESTAÇÃO DE SERVIÇOS DE TRANSMISSÃO DE ENERGIA ELÉTRICA.
396,0,ACORDAO-COMPLETO-1197074,"ANÁLISE DO 1º, 2º, 3º e 4º ESTÁGIOS."
397,D,ACORDAO-COMPLETO-1197074,APROVAÇÃO COM RESSALVA DO 1º E SEM RESSALVA DOS DEMAIS ESTÁGIOS.
398,R,ACORDAO-COMPLETO-1197074,ARQUIVAMENTO.
399,O,ACORDAO-COMPLETO-1165364,"ACOMPANHAMENTO DO SEGUNDO E DO TERCEIRO ESTÁGIOS DE FISCALIZAÇÃO DO LEILÃO PARA CONTRATAÇÃO DE ENERGIA PROVENIENTE DE NOVOS EMPREENDIMENTOS DE GERAÇÃO, NO AMBIENTE DE CONTRATAÇÃO REGULADA (A5)."
400,0,ACORDAO-COMPLETO-1165364,"APROVEITAMENTOS HIDRELÉTRICOS DE GARIBALDI, FERREIRA GOMES E COLÍDER."
401,D,ACORDAO-COMPLETO-1165364,APROVAÇÃO.
402,O,ACORDAO-COMPLETO-1599071,LEILÃO PARA CONTRATAÇÃO DE ENERGIA NOVA.
403,N,ACORDAO-COMPLETO-1599071,UHE DE BELO MONTE.
404,T,ACORDAO-COMPLETO-1599071,ACOMPANHAMENTO DO 1º ESTÁGIO.
405,E,ACORDAO-COMPLETO-1599071,ANÁLISE PRELIMINAR.
406,E,ACORDAO-COMPLETO-1599071,"ANÁLISE DOS ESTUDOS ECONÔMICO-FINANCEIROS, DOS ESTUDOS DE IMPACTO E LICENCIAMENTO AMBIENTAL E DE ASPECTOS RELACIONADOS A PROJETO E CUSTOS DAS OBRAS."
407,O,ACORDAO-COMPLETO-1360997,"AVALIAÇÃO DO SEGUNDO, TERCEIRO E QUARTO ESTÁGIOS DO ACOMPANHAMENTO DO LEILÃO ANEEL 11/2013, QUE TEM POR OBJETO A CONCESSÃO DA PRESTAÇÃO DE SERVIÇO PÚBLICO DE TRANSMISSÃO DE ENERGIA ELÉTRICA, PRECEDIDA DE OBRA PÚBLICA, INCLUINDO CONSTRUÇÃO, OPERAÇÃO E MANUTENÇÃO DE LINHAS DE TRANSMISSÃO, SUBESTAÇÕES E DEMAIS INSTALAÇÕES A SEREM INTEGRADAS À REDE BÁSICA DO SISTEMA INTERLIGADO NACIONAL (SIN)."
408,D,ACORDAO-COMPLETO-1360997,"INEXISTÊNCIA DE VÍCIOS RELEVANTES NAS MINUTAS DE CONTRATO, NA EXECUÇÃO DO LEILÃO, NO CONTRATO, NOS RELATÓRIOS DE HABILITAÇÃO E DE RESULTADO E NO ATO DE OUTORGA."
409,R,ACORDAO-COMPLETO-1360997,"EXPEDIÇÃO DE DETERMINAÇÃO E RECOMENDAÇÃO À ANEEL, COM O INTUITO DE BALIZAR FUTUROS CERTAMES VISANDO A CONCESSÃO DE PRESTAÇÃO DE SERVIÇO PÚBLICO SOB SUA CONDUÇÃO."
410,T,ACORDAO-COMPLETO-30681,ACOMPANHAMENTO.
411,M,ACORDAO-COMPLETO-30681,"1º, 2º E 3º ESTÁGIOS DO LEILÃO N. 002/2005-ANEEL."
412,O,ACORDAO-COMPLETO-30681,"OBJETO: CONTRATAÇÃO DE ENERGIA PROVENIENTE DE NOVOS EMPREENDIMENTOS E DAQUELES ENQUADRADOS NO ART. 17 DA LEI N. 10.848, DE 2004, PARA O SISTEMA INTERLIGADO NACIONAL, NO AMBIENTE DE CONTRATAÇÃO REGULADA."
413,D,ACORDAO-COMPLETO-30681,"APROVAÇÃO, COM RESSALVAS DO 1º ESTÁGIO."
414,D,ACORDAO-COMPLETO-30681,APROVAÇÃO DO 2º E 3º ESTÁGIOS.
415,F,ACORDAO-COMPLETO-30681,ESTUDOS DE VIABILIDADE PRECÁRIOS.
416,F,ACORDAO-COMPLETO-30681,IMPROPRIEDADES FORMAIS.
417,R,ACORDAO-COMPLETO-30681,DETERMINAÇÕES.
418,R,ACORDAO-COMPLETO-30681,RECOMENDAÇÕES.
419,R,ACORDAO-COMPLETO-30681,COMUNICAÇÕES.
420,R,ACORDAO-COMPLETO-30681,RESTITUIÇÃO À SEFID PARA ACOMPANHAR O 4º ESTÁGIO.
421,O,ACORDAO-COMPLETO-38675,"LEILÃO PARA CONTRATAÇÃO DE ENERGIA NOVA, UHE DE SANTO ANTÔNIO (COMPLEXO DO RIO MADEIRA)."
422,T,ACORDAO-COMPLETO-38675,ACOMPANHAMENTO DO 1º ESTÁGIO.
423,E,ACORDAO-COMPLETO-38675,APRECIAÇÃO DOS ESTUDOS DESTINADOS AO ESTABELECIMENTO DO PREÇO MÁXIMO DO LEILÃO.
424,D,ACORDAO-COMPLETO-38675,"VERIFICADAS IMPROPRIEDADES METODOLÓGICAS NOS ESTUDOS, RESULTANTES EM AUMENTO NO PREÇO MÁXIMO A SER DEFINIDO."
425,F,ACORDAO-COMPLETO-38675,POSSIBILIDADE DE COMPROMETIMENTO DA MODICIDADE TARIFÁRIA.
426,F,ACORDAO-COMPLETO-38675,"LIMITES DA COMPETÊNCIA DO TCU, NA FISCALIZAÇÃO DAS ATIVIDADES REGULATÓRIAS."
427,R,ACORDAO-COMPLETO-38675,DETERMINAÇÕES.
428,R,ACORDAO-COMPLETO-38675,COMUNICAÇÕES.
429,T,ACORDAO-COMPLETO-10301,Acompanhamento do processo de privatização do Banco do Estado do Piauí - BEP.
430,D,ACORDAO-COMPLETO-10301,Aprovação dos dois primeiros estágios de que trata a IN TCU nº 27/1998.
431,E,ACORDAO-COMPLETO-10301,Exame dos relatórios de avaliação econômica encaminhados pelo Banco Central do Brasil.
432,D,ACORDAO-COMPLETO-10301,Necessidade de nova avaliação caso o período compreendido entre a avaliação realizada e a data em que deverá ser realizado o leilão supere um ano.
433,R,ACORDAO-COMPLETO-10301,Determinações ao Bacen.
434,R,ACORDAO-COMPLETO-10301,Autorização de inspeção na sede do BEP.
435,R,ACORDAO-COMPLETO-10301,"Remessa de cópias da Decisão, bem como do Relatório e Voto que a fundamentaram, ao Ministro da Fazenda e aos Presidentes do Conselho Monetário Nacional, do Conselho Nacional de Desestatização, da Comissão de Fiscalização Financeira e Controle da Câmara dos Deputados e da Comissão de Fiscalização e Controle do Senado Federal."
436,T,ACORDAO-COMPLETO-1299257,DESESTATIZAÇÃO.
437,O,ACORDAO-COMPLETO-1299257,LEILÃO ANEEL 11/2013 - TRANSMISSÃO DE ENERGIA ELÉTRICA.
438,E,ACORDAO-COMPLETO-1299257,ACOMPANHAMENTO DO PRIMEIRO ESTÁGIO.
439,E,ACORDAO-COMPLETO-1299257,"REMESSA AO TRIBUNAL DOS ESTUDOS DE IMPACTO E DE LICENCIAMENTO AMBIENTAL E DE CUSTOS SOCIOAMBIENTAIS, ASSIM COMO DOS ESTUDOS ACERCA DA VIABILIDADE TÉCNICA E ECONÔMICA DO EMPREENDIMENTO."
440,E,ACORDAO-COMPLETO-1299257,APRESENTAÇÃO DE TAXA DE RETORNO (WACC) PROVISÓRIA.
441,D,ACORDAO-COMPLETO-1299257,NECESSIDADE DE AVALIÇÃO DA TAXA QUE SERÁ EFETIVAMENTE ADOTADA.
442,F,ACORDAO-COMPLETO-1299257,POSSIBILIDADE DE APRIMORAMENTO DA METODOLOGIA ADOTADA PARA A ESTIMAÇÃO DOS CUSTOS SOCIOAMBIENTAIS DE PROJETOS DE SISTEMA DE TRANSMISSÃO DE ENERGIA ELÉTRICA.
443,R,ACORDAO-COMPLETO-1299257,"DETERMINAÇÃO À ANEEL, NO SENTIDO DE QUE SE ABSTENHA DE PUBLICAR O EDITAL DA LICITAÇÃO ANTES DE TRANSCORRIDO O PRAZO DE CINCO DIAS ÚTEIS APÓS O COMPROVADO ENVIO AO TRIBUNAL DO CÁLCULO DA TAXA DE RETORNO DEFINITIVA."
444,R,ACORDAO-COMPLETO-1299257,RECOMENDAÇÕES VISANDO O APRIMORAMENTO DA ACIMA REFERIDA METODOLOGIA.
445,S,ACORDAO-COMPLETO-2052510,PEDIDO DE REEXAME.
446,T,ACORDAO-COMPLETO-2052510,DESESTATIZAÇÃO.
447,M,ACORDAO-COMPLETO-2052510,PRIMEIRO ESTÁGIO DO LEILÃO 13/2015-ANEEL.
448,P,ACORDAO-COMPLETO-2052510,COMPETÊNCIA DO TCU PARA DETERMINAR A ADOÇÃO DE PROVIDÊNCIAS PELAS AGÊNCIAS REGULADORAS.
449,P,ACORDAO-COMPLETO-2052510,ADOÇÃO DE PARÂMETRO INCONSISTENTE.
450,P,ACORDAO-COMPLETO-2052510,OFENSA AO PRINCÍPIO DA MODICIDADE TARIFÁRIA.
451,P,ACORDAO-COMPLETO-2052510,DISCRICIONARIEDADE DA AGÊNCIA PARA OPTAR ENTRE ALTERNATIVAS TÉCNICA E JURIDICAMENTE VÁLIDAS.
452,A,ACORDAO-COMPLETO-2052510,CONHECIMENTO.
453,D,ACORDAO-COMPLETO-2052510,PROVIMENTO PARCIAL.
454,R,ACORDAO-COMPLETO-2052510,CONVERSÃO DE DETERMINAÇÃO EM RECOMENDAÇÃO.
455,T,ACORDAO-COMPLETO-30872,REPRESENTAÇÃO.
456,M,ACORDAO-COMPLETO-30872,CONCURSO PÚBLICO.
457,P,ACORDAO-COMPLETO-30872,ALTERAÇÃO INTEMPESTIVA DE GABARITO.
458,P,ACORDAO-COMPLETO-30872,CRITÉRIOS SUPOSTAMENTE INADEQUADOS PARA AVALIAR TÍTULOS.
459,R,ACORDAO-COMPLETO-30872,DETERMINAÇÕES CORRETIVAS.
460,0,ACORDAO-COMPLETO-2242901,PESSOAL.
461,0,ACORDAO-COMPLETO-2242901,ADMISSÃO.
462,E,ACORDAO-COMPLETO-2242901,VALIDADE DO CONCURSO PRORROGADA JUDICIALMENTE POR TEMPO INDETERMINADO.
463,P,ACORDAO-COMPLETO-2242901,NEGATIVA DE REGISTRO.
464,P,ACORDAO-COMPLETO-2242901,POSSIBILIDADE DE SUBSISTÊNCIA DAS ADMISSÕES ENQUANTO MANTIDA A DECISÃO JUDICIAL.
465,R,ACORDAO-COMPLETO-2242901,DETERMINAÇÕES.
466,S,ACORDAO-COMPLETO-17946,Pedido de reexame de Decisão proferida em Relação pela 1ª Câmara.
467,P,ACORDAO-COMPLETO-17946,Aproveitamento de servidores sem concurso público.
468,P,ACORDAO-COMPLETO-17946,Recebimento de salários dos órgãos cedentes e do cessionário.
469,E,ACORDAO-COMPLETO-17946,Determinação do TCU para que fossem apurados os montantes pagos indevidamente.
470,S,ACORDAO-COMPLETO-17946,"Pedido de reexame interposto pelo então Presidente do TRE/GO já apreciado, por meio do Acórdão 158/2001 - Primeira Câmara."
471,A,ACORDAO-COMPLETO-17946,Conhecimento.
472,D,ACORDAO-COMPLETO-17946,Não-provimento.
473,R,ACORDAO-COMPLETO-17946,Ciência ao recorrente.
474,E,ACORDAO-COMPLETO-1286653,EMBARGOS DE DECLARAÇÃO.
475,0,ACORDAO-COMPLETO-1286653,ADMISSÃO.
476,P,ACORDAO-COMPLETO-1286653,"CONTRATAÇÃO DE TERCEIRIZADOS SEM CONCURSO PÚBLICO, EM DESOBEDIÊNCIA AO ART. 37, INCISO II, DA CONSTITUIÇÃO FEDERAL DE 1988."
477,P,ACORDAO-COMPLETO-1286653,"SUPERVENIÊNCIA DE ACORDOS JUDICIAIS, HOMOLOGADOS PELO SUPREMO TRIBUNAL FEDERAL, QUE GARANTIRAM A PERMANÊNCIA DOS ADMITIDOS ATÉ 21/12/1993 E SUBSTITUIÇÃO GRADATIVA DOS DEMAIS POR EMPREGADOS CONCURSADOS."
478,D,ACORDAO-COMPLETO-1286653,EMBARGOS ACOLHIDOS.
479,F,ACORDAO-COMPLETO-1286653,LEGALIDADE DAS ADMISSÕES.
480,T,ACORDAO-COMPLETO-15813,Prestação de Contas do exercício de 2000.
481,P,ACORDAO-COMPLETO-15813,Irregularidades.
482,P,ACORDAO-COMPLETO-15813,Contratação sem concurso público.
483,E,ACORDAO-COMPLETO-15813,Audiência de um dos responsáveis.
484,D,ACORDAO-COMPLETO-15813,Rejeição parcial das razões de justificativa.
485,F,ACORDAO-COMPLETO-15813,Entendimento no sentido de que somente a partir da publicação da decisão do STF em sede do MS nº 21.797-7 é que se pode exigir dos Conselhos de Fiscalização Profissional a observância da orientação ali contida.
486,F,ACORDAO-COMPLETO-15813,Contas regulares com ressalva.
487,R,ACORDAO-COMPLETO-15813,Determinações.
488,R,ACORDAO-COMPLETO-15813,Ciência ao Conselho Federal de Farmácia.
489,T,ACORDAO-COMPLETO-1130789,DENÚNCIA.
490,P,ACORDAO-COMPLETO-1130789,"PERMUTA DE CARGOS DA MESMA NATUREZA VIABILIZADA PELO INSTITUTO DA REDISTRIBUIÇÃO (ART. 37 DA LEI 8.112/1990), COM O OBJETIVO DE REMOVER SERVIDOR PARA A LOCALIDADE DE RESIDÊNCIA DE SEUS FAMILIARES."
491,P,ACORDAO-COMPLETO-1130789,POSSÍVEL PREJUÍZO A CANDIDATO APROVADO EM CONCURSO EM VIGOR.
492,E,ACORDAO-COMPLETO-1130789,DESISTÊNCIA DA AÇÃO POR PARTE DO CANDIDATO SUPOSTAMENTE PREJUDICADO PELA REDISTRIBUIÇÃO.
493,E,ACORDAO-COMPLETO-1130789,EDIÇÃO DE LEI PERMITINDO A REMOÇÃO DE SERVIDORES DO QUADRO DA JUSTIÇA FEDERAL.
494,A,ACORDAO-COMPLETO-1130789,CONHECIMENTO DA DENÚNCIA.
495,D,ACORDAO-COMPLETO-1130789,IMPROCEDÊNCIA.
496,R,ACORDAO-COMPLETO-1130789,COMUNICAÇÃO.
497,F,ACORDAO-COMPLETO-1130789,1. A aprovação em concurso público confere ao candidato apenas a expectativa de direito à nomeação e não ao direito propriamente dito.
498,F,ACORDAO-COMPLETO-1130789,"Por isso, a simples existência de candidatos aprovados em concursos, ainda não nomeados, não impede a administração de praticar os atos normais de gestão e movimentação de seu pessoal, ainda que tais atos frustrem momentaneamente a expectativa dos candidatos."
499,F,ACORDAO-COMPLETO-1130789,"2. A edição da Lei 11.416/2006 que, em seu art. 20, permitiu a remoção de servidores da Justiça Federal, inclusive entre os quadros de pessoal dos diversos órgãos, tem o condão de convalidar os atos que, materialmente de remoção, tomaram a forma de redistribuição, desde que isentos dos vícios de abuso ou excesso de poder."
500,T,ACORDAO-COMPLETO-33850,ADMINISTRATIVO.
501,S,ACORDAO-COMPLETO-33850,RECURSO AO PLENÁRIO.
502,0,ACORDAO-COMPLETO-33850,CONCURSO PÚBLICO PARA PROVIMENTO DE CARGOS DE ACE/CE.
503,P,ACORDAO-COMPLETO-33850,PRORROGAÇÃO.
504,P,ACORDAO-COMPLETO-33850,DISCRICIONARIEDADE DA ADMINISTRAÇÃO.
505,D,ACORDAO-COMPLETO-33850,NEGADO PROVIMENTO.
506,P,ACORDAO-COMPLETO-16891,Pedido de Reexame contra a Decisão nº 469/2002 - Primeira Câmara - TCU que julgou ilegal ato de admissão realizada após o vencimento do concurso público.
507,A,ACORDAO-COMPLETO-16891,Recurso conhecido.
508,D,ACORDAO-COMPLETO-16891,Negado provimento.
509,R,ACORDAO-COMPLETO-16891,Manutenção do aresto atacado nos seus exatos termos.
510,R,ACORDAO-COMPLETO-16891,Ciência ao recorrente e à interessada.
511,0,ACORDAO-COMPLETO-1337256,EMBARGOS DE DECLARAÇÃO EM PROCESSO ORIGINÁRIO DE ADMISSÃO DE PESSOAL.
512,P,ACORDAO-COMPLETO-1337256,"NEGATIVA DE REGISTRO DOS ATOS EM FACE DA EXTRAPOLAÇÃO DO PRAZO REGULAMENTAR DE VALIDADE DO RESPECTIVO CONCURSO PÚBLICO, ESTABELECIDA JUDICIALMENTE."
513,P,ACORDAO-COMPLETO-1337256,"DETERMINAÇÃO PARA DESLIGAMENTO DOS INTERESSADOS, NA HIPÓTESE DE DESCONSTITUIÇÃO DA DECISÃO JUDICIAL."
514,P,ACORDAO-COMPLETO-1337256,ARGUIÇÃO DE SUPOSTA OMISSÃO NA DELIBERAÇÃO DA CORTE DE CONTAS.
515,A,ACORDAO-COMPLETO-1337256,CONHECIMENTO.
516,D,ACORDAO-COMPLETO-1337256,REJEIÇÃO.
517,T,ACORDAO-COMPLETO-1284561,ACOMPANHAMENTO.
518,P,ACORDAO-COMPLETO-1284561,POSSÍVEIS IRREGULARIDADES EM CONVÊNIOS.
519,P,ACORDAO-COMPLETO-1284561,IDENTIFICAÇÃO DE DOIS CONVÊNIOS FIRMADOS ENTRE A PREFEITURA MUNICIPAL DE MACAPÁ/AP E O MINISTÉRIO DA INTEGRAÇÃO NACIONAL PARA CANALIZAÇÃO DO CANAL JANDIÁ.
520,P,ACORDAO-COMPLETO-1284561,UTILIZAÇÃO DE PROJETO BÁSICO INCOMPLETO NA LICITAÇÃO.
521,P,ACORDAO-COMPLETO-1284561,NÃO ATENDIMENTO DE DILIGÊNCIA PELO EX-PREFEITO.
522,R,ACORDAO-COMPLETO-1284561,MULTAS.
523,0,ACORDAO-COMPLETO-1284561,EXECUÇÃO PARCIAL E SITUAÇÃO DE PARALISAÇÃO DO CONTRATO.
524,R,ACORDAO-COMPLETO-1284561,OITIVA DA PREFEITURA E DO CONSÓRCIO.
525,R,ACORDAO-COMPLETO-1284561,DETERMINAÇÃO.
526,O,ACORDAO-COMPLETO-1125657,ACOMPANHAMENTO DE LEILÃO PARA CONTRATAÇÃO DE ENERGIA.
527,N,ACORDAO-COMPLETO-1125657,USINA HIDROELÉTRICA DE JIRAU.
528,D,ACORDAO-COMPLETO-1125657,APROVAÇÃO COM RESSALVAS DO PRIMEIRO ESTÁGIO.
529,D,ACORDAO-COMPLETO-1125657,APROVAÇÃO PLENA DOS DEMAIS ESTÁGIOS.
530,R,ACORDAO-COMPLETO-1125657,ARQUIVAMENTO.
531,T,ACORDAO-COMPLETO-37017,ACOMPANHAMENTO.
532,M,ACORDAO-COMPLETO-37017,"PARCERIA PÚBLICO-PRIVADA (PPP), NA MODALIDADE CONCESSÃO PATROCINADA."
533,0,ACORDAO-COMPLETO-37017,PROJETO DE IRRIGAÇÃO PONTAL.
534,P,ACORDAO-COMPLETO-37017,NECESSIDADE DE OBTENÇÃO DE LICENCIAMENTO AMBIENTAL PRÉVIO ANTES DO LANÇAMENTO DO EDITAL DA LICITAÇÃO.
535,P,ACORDAO-COMPLETO-37017,COMPETÊNCIA LEGAL DA SECRETARIA DO TESOURO NACIONAL (STN) PARA NORMATIZAR A CONTABILIZAÇÃO DAS PPP.
536,P,ACORDAO-COMPLETO-37017,1º ESTÁGIO.
537,D,ACORDAO-COMPLETO-37017,APROVAÇÃO COM RESSALVAS.
538,R,ACORDAO-COMPLETO-37017,DETERMINAÇÕES E RECOMENDAÇÃO.
539,O,ACORDAO-COMPLETO-43212,"LEILÃO PARA CONTRATAÇÃO DE ENERGIA NOVA, UHE DE JIRAU (COMPLEXO DO RIO MADEIRA)."
540,T,ACORDAO-COMPLETO-43212,ACOMPANHAMENTO DO 1º ESTÁGIO.
541,E,ACORDAO-COMPLETO-43212,APRECIAÇÃO DOS ESTUDOS DESTINADOS AO ESTABELECIMENTO DO PREÇO MÁXIMO DO LEILÃO.
542,D,ACORDAO-COMPLETO-43212,IDENTIFICAÇÃO DE ITENS ORÇAMENTÁRIOS PASSÍVEIS DE REDUÇÃO.
543,0,ACORDAO-COMPLETO-43212,"LIMITES DA COMPETÊNCIA DO TCU, NA FISCALIZAÇÃO DAS ATIVIDADES REGULATÓRIAS."
544,R,ACORDAO-COMPLETO-43212,RECOMENDAÇÕES.
545,R,ACORDAO-COMPLETO-43212,COMUNICAÇÕES.
546,M,ACORDAO-COMPLETO-17397,"Representação formulada pelo Exmo Sr. Procurador Regional da República Dr. Luis Cláudio Pereira Leivas, requerendo a suspensão liminar de processo licitatório na modalidade de leilão que seria realizado pela RFFSA em liquidação, tendo em vista a prática de irregularidades."
547,E,ACORDAO-COMPLETO-17397,Cautelar concedida por este Tribunal.
548,F,ACORDAO-COMPLETO-17397,"Leilões podem ser realizados, desde que se atenda rigorosamente à legislação pertinente ao tema."
549,P,ACORDAO-COMPLETO-17397,"Inadequação de se realizar leilão de material inservível, classificado como sucata, em conjunto com vagões ainda recuperáveis."
550,P,ACORDAO-COMPLETO-17397,Não deve a RFFSA em liquidação insistir na prática de fracionamento dos Leilões contrariando a legislação.
551,D,ACORDAO-COMPLETO-17397,Procedência parcial da Representação.
552,R,ACORDAO-COMPLETO-17397,Conversão deste processo em Acompanhamento.
553,R,ACORDAO-COMPLETO-17397,"Determinação à Segecex para inclusão no Plano de Fiscalização do Primeiro Semestre de 2005 de Auditoria Operacional na RFFSA em liquidação, tendo em vista irregularidades constatadas no processo de liquidação, em função da Representação ora formulada."
554,F,ACORDAO-COMPLETO-17397,Descontrole do patrimônio da empresa.
555,F,ACORDAO-COMPLETO-17397,Fortes indícios de favorecimento a empresa potencial compradora de bens alienáveis.
556,R,ACORDAO-COMPLETO-17397,Determinações à RFFSA em liquidação.
557,R,ACORDAO-COMPLETO-17397,Comunicações a autoridades competentes.
558,T,ACORDAO-COMPLETO-16066,Representação.
559,O,ACORDAO-COMPLETO-16066,"Irregularidades em procedimento seletivo, promovido por concessionária, visando à contratação de Produtor Individual de Energia Elétrica."
560,P,ACORDAO-COMPLETO-16066,A previsão legal da possibilidade de dispensa de licitação não exclui a necessidade de indicação das razões da escolha e a justificativa do preço.
561,P,ACORDAO-COMPLETO-16066,"Impossibilidade de a ora representante se beneficiar do fato de possuir equipamentos já instalados no terreno da concessionária Manaus Energia, em detrimento das demais licitantes."
562,P,ACORDAO-COMPLETO-16066,Possibilidade de aplicação do instituto da reversão.
563,D,ACORDAO-COMPLETO-16066,Improcedência das alegações.
564,R,ACORDAO-COMPLETO-16066,Determinação de acompanhamento do procedimento.
565,T,ACORDAO-COMPLETO-11604,Acompanhamento de dispensa de licitação.
566,E,ACORDAO-COMPLETO-11604,Audiência do responsável.
567,0,ACORDAO-COMPLETO-11604,Fatos relacionados a outras contratações de mesma natureza.
568,E,ACORDAO-COMPLETO-11604,Nova audiência.
569,D,ACORDAO-COMPLETO-11604,Rejeição das razões de justificativa.
570,R,ACORDAO-COMPLETO-11604,Multa.
571,R,ACORDAO-COMPLETO-11604,Considerações sobre a contratação terceirizada de serviços por empresas públicas e empresas estatais.
572,R,ACORDAO-COMPLETO-11604,Recomendação.
573,R,ACORDAO-COMPLETO-11604,Ciência à Secretaria Federal de Controle Interno.
574,R,ACORDAO-COMPLETO-11604,Apensamento.
575,T,ACORDAO-COMPLETO-1129787,REPRESENTAÇÃO.
576,N,ACORDAO-COMPLETO-1129787,PORTO DE SANTOS.
577,O,ACORDAO-COMPLETO-1129787,CONTRATO DE ARRENDAMENTO DE ÁREA PARA CONSTRUÇÃO E OPERAÇÃO DE TERMINAL TURÍSTICO DE PASSAGEIROS.
578,P,ACORDAO-COMPLETO-1129787,TROCA DA ÁREA INICIALMENTE PREVISTA CONFIGURANDO ALTERAÇÃO DE OBJETO.
579,P,ACORDAO-COMPLETO-1129787,NECESSIDADE DE REALIZAÇÃO DE NOVA LICITAÇÃO.
580,P,ACORDAO-COMPLETO-1129787,INEXISTÊNCIA DE CONSULTA PRÉVIA À RECEITA FEDERAL SOBRE A CONCESSÃO DE ALFANDEGAMENTO AO PROJETO.
581,F,ACORDAO-COMPLETO-1129787,DESCARACTERIZAÇÃO DE IRREGULARIDADES.
582,A,ACORDAO-COMPLETO-1129787,CONHECIMENTO.
583,D,ACORDAO-COMPLETO-1129787,IMPROCEDÊNCIA.
584,R,ACORDAO-COMPLETO-1129787,ARQUIVAMENTO.
585,F,ACORDAO-COMPLETO-1129787,"A mera mudança de área para instalação de terminal de passageiros dentro dos limites do porto, provocada por restrições opostas pela Receita Federal e por deficiências na infra-estrutura circundante, não caracteriza a mudança do objeto do arrendamento inicial, não obrigando à realização de nova licitação."
586,T,ACORDAO-COMPLETO-33980,REPRESENTAÇÃO.
587,P,ACORDAO-COMPLETO-33980,COMPROMETIMENTO DO CARÁTER COMPETITIVO.
588,D,ACORDAO-COMPLETO-33980,IMPROCEDÊNCIA.
589,R,ACORDAO-COMPLETO-33980,ARQUIVAMENTO.
590,T,ACORDAO-COMPLETO-1307121,DENÚNCIA.
591,P,ACORDAO-COMPLETO-1307121,POSSÍVEIS IRREGULARIDADES NO EDITAL DO LEILÃO 02/2014 DA ANEEL.
592,S,ACORDAO-COMPLETO-1307121,PEDIDO DE MEDIDA CAUTELAR.
593,F,ACORDAO-COMPLETO-1307121,AUSÊNCIA DE PRESSUPOSTOS PARA O PROVIMENTO ACAUTELATÓRIO.
594,F,ACORDAO-COMPLETO-1307121,LICITAÇÃO JÁ REALIZADA.
595,D,ACORDAO-COMPLETO-1307121,DENÚNCIA PREJUDICADA.
596,F,ACORDAO-COMPLETO-1307121,PERDA DE OBJETO.
597,R,ACORDAO-COMPLETO-1307121,OPORTUNIDADE PARA SE EXPEDIR DETERMINAÇÃO AO MME.
598,R,ACORDAO-COMPLETO-1307121,ARQUIVAMENTO.
599,T,ACORDAO-COMPLETO-17381,Denúncia.
600,O,ACORDAO-COMPLETO-17381,Possíveis irregularidades praticadas na condução de Convite para a contratação de serviços de tradução.
601,E,ACORDAO-COMPLETO-17381,Audiência dos responsáveis.
602,D,ACORDAO-COMPLETO-17381,Acatamento das razões de justificativa.
603,0,ACORDAO-COMPLETO-17381,Considerações sobre a prova indiciária.
604,D,ACORDAO-COMPLETO-17381,Conhecimento e improcedência.
605,R,ACORDAO-COMPLETO-17381,Arquivamento.
606,T,ACORDAO-COMPLETO-11386,Relatório de Inspeção.
607,P,ACORDAO-COMPLETO-11386,Irregularidades.
608,P,ACORDAO-COMPLETO-11386,Audiência não sanou os vícios nos procedimentos de dispensa de licitação.
609,P,ACORDAO-COMPLETO-11386,Não caracterizada a situação de emergência.
610,P,ACORDAO-COMPLETO-11386,Falta de Projeto Básico adequado.
611,E,ACORDAO-COMPLETO-11386,Multa aos responsáveis.
612,P,ACORDAO-COMPLETO-11386,Reincidência de prática de atos irregulares.
613,P,ACORDAO-COMPLETO-11386,Descumprimento de Decisão do TCU.
614,P,ACORDAO-COMPLETO-11386,Inabilitação dos responsáveis conforme previsto no art. 60 da Lei Orgânica.
615,E,ACORDAO-COMPLETO-11386,Instauração de Tomada de Contas Especial pela CISET do Ministério dos Transportes.
616,E,ACORDAO-COMPLETO-11386,Determinações ao DNER.
617,S,ACORDAO-COMPLETO-11386,Interposição de Pedidos de Reexame por parte do órgão e dos responsáveis.
618,A,ACORDAO-COMPLETO-11386,Conhecimento.
619,D,ACORDAO-COMPLETO-11386,Provimento negado.
620,F,ACORDAO-COMPLETO-11386,Habilitação de terceiro prejudicado.
621,S,ACORDAO-COMPLETO-11386,Interposição de Pedido de Reexame.
622,A,ACORDAO-COMPLETO-11386,Não-conhecimento.
623,R,ACORDAO-COMPLETO-11386,Ciência aos recorrentes.
624,O,ACORDAO-COMPLETO-22195,Acompanhamento de processo de outorga de Serviço Telefônico Fixo Comutado destinado ao Uso Público em Geral - STFC.
625,P,ACORDAO-COMPLETO-22195,Autorizações concedidas sem licitação para prestação do serviço em regime privado.
626,P,ACORDAO-COMPLETO-22195,Desnecessidade de observância aos estágios definidos na IN/TCU 27/98.
627,P,ACORDAO-COMPLETO-22195,Necessidade de observância ao disposto no art. 10 da mesma IN.
628,P,ACORDAO-COMPLETO-22195,"Inclusão de cláusula contemplando a obrigatoriedade de a autorizada fazer cumprir o artigo 90, inciso IX, do Regulamento de Licitação para Concessão, Permissão e Autorização de Serviço de Telecomunicações e de uso de Radiofrequência."
629,R,ACORDAO-COMPLETO-22195,Determinações.
630,R,ACORDAO-COMPLETO-22195,Arquivamento.
631,O,ACORDAO-COMPLETO-28930,Monitoramento de licitação promovida com o objetivo de contratar a prestação de serviços de suporte técnico a usuários da rede corporativa do MDIC.
632,P,ACORDAO-COMPLETO-28930,Indícios de irregularidades na formulação do edital.
633,E,ACORDAO-COMPLETO-28930,Suspensão cautelar do certame.
634,E,ACORDAO-COMPLETO-28930,Oitiva dos responsáveis.
635,E,ACORDAO-COMPLETO-28930,Análise das justificativas.
636,D,ACORDAO-COMPLETO-28930,Necessidade de proceder-se a correções no edital.
637,R,ACORDAO-COMPLETO-28930,Determinações.
638,T,ACORDAO-COMPLETO-2202114,AUDITORIA.
639,0,ACORDAO-COMPLETO-2202114,"FISCALIZAÇÃO DA ATUAÇÃO DAS ESTATAIS INTEGRANTES DA SPE NORTE ENERGIA S/A, CONCESSIONÁRIA DA USINA HIDRELÉTRICA DE BELO MONTE, SOBRE OS INVESTIMENTOS E CONTRATOS DE EXECUÇÃO DO EMPREENDIMENTO."
640,P,ACORDAO-COMPLETO-2202114,MODELAGEM DO LEILÃO.
641,P,ACORDAO-COMPLETO-2202114,POSSÍVEL PERDA DA CONCORRÊNCIA.
642,P,ACORDAO-COMPLETO-2202114,CONFLITO DE INTERESSES NA ADMISSÃO DOS PRIMEIROS CONSULTORES COMO APTOS A EMPREENDEDORES DA CONCESSÃO.
643,P,ACORDAO-COMPLETO-2202114,DIVISÃO DOS CONTRATOS DA SPE ENTRE OS GRANDES EMPREITEIROS E PROJETISTAS.
644,P,ACORDAO-COMPLETO-2202114,CONSTITUIÇÃO DA SPE.
645,P,ACORDAO-COMPLETO-2202114,INDÍCIOS DO EXERCÍCIO DO PODER DE CONTROLE DA GESTÃO PELO GRUPO ELETROBRAS.
646,P,ACORDAO-COMPLETO-2202114,APONTAMENTO DE EXPRESSIVO SOBREPREÇO NO CONTRATO DE EXECUÇÃO DAS OBRAS CIVIS DA USINA.
647,P,ACORDAO-COMPLETO-2202114,"OBSTRUÇÃO À FISCALIZAÇÃO DA EQUIPE DO TRIBUNAL, MEDIANTE A NEGATIVA DE FORNECIMENTO DE DOCUMENTOS."
648,R,ACORDAO-COMPLETO-2202114,OITIVAS.
649,T,ACORDAO-COMPLETO-2081299,RELATÓRIO DE AUDITORIA.
650,N,ACORDAO-COMPLETO-2081299,COMPANHIA HIDRO ELÉTRICA DO SÃO FRANCISCO - Chesf.
651,O,ACORDAO-COMPLETO-2081299,"VERIFICAÇÃO DA REGULARIDADE DOS PRÉ-CONTRATOS E CONTRATOS RELATIVOS ÀS OBRAS DAS LINHAS DE TRANSMISSÃO MOSSORÓ IV/MOSSORÓ II, CEARÁ MIRIM II/TOUROS E RUSSAS/BANABUIÚ (OBRAS DECORRENTES DO LEILÃO 3/2012 - Aneel - LOTE B)."
652,0,ACORDAO-COMPLETO-2081299,AUSÊNCIA DE ESTIMATIVA DE CUSTOS ELABORADO PARA BALIZAR AS PROPOSTAS COMERCIAIS DAS EMPRESAS PARTICIPANTES DO PROCESSO DE DISPENSA DE LICITAÇÃO E DA DOCUMENTAÇÃO DE QUALIFICAÇÃO TÉCNICA E ECONÔMICO-FINANCEIRA.
653,0,ACORDAO-COMPLETO-2081299,"INEXISTÊNCIA, NOS AUTOS, DE INDÍCIOS DA OCORRÊNCIA DE SOBREPREÇO."
654,R,ACORDAO-COMPLETO-2081299,CIÊNCIA À ESTATAL.
655,0,ACORDAO-COMPLETO-1257276,AUDITORIA.
656,0,ACORDAO-COMPLETO-1257276,CONVÊNIO.
657,O,ACORDAO-COMPLETO-1257276,OBRAS DE CONSTRUÇÃO DE HOSPITAL.
658,P,ACORDAO-COMPLETO-1257276,OBRA PARALISADA POR FALTA DE RECURSOS.
659,P,ACORDAO-COMPLETO-1257276,INDÍCIOS DE IRREGULARIDADES NA APROVAÇÃO DO PROJETO.
660,P,ACORDAO-COMPLETO-1257276,LICITAÇÃO E CONTRATAÇÃO SEM PROJETO BÁSICO HÁBIL.
661,P,ACORDAO-COMPLETO-1257276,CONTINUIDADE DA OBRA SEM DISPONIBILIDADE DE RECURSOS.
662,E,ACORDAO-COMPLETO-1257276,AUDIÊNCIA DOS GESTORES DO MINISTÉRIO DA SAÚDE E DOS EXPREFEITOS.
663,E,ACORDAO-COMPLETO-1257276,APRESENTAÇÃO DE JUSTIFICATIVAS PELOS GESTORES DO MINISTÉRIO.
664,E,ACORDAO-COMPLETO-1257276,REVELIA DOS EXPREFEITOS.
665,D,ACORDAO-COMPLETO-1257276,ACOLHIMENTO DAS JUSTIFICATIVAS DOS SERVIDORES DO MINISTÉRIO.
666,F,ACORDAO-COMPLETO-1257276,EXECUÇÃO DE PROJETO NÃO APROVADO PELO MINISTÉRIO.
667,R,ACORDAO-COMPLETO-1257276,MULTA AOS EXPREFEITOS.
668,T,ACORDAO-COMPLETO-2268388,REPRESENTAÇÃO.
669,P,ACORDAO-COMPLETO-2268388,IRREGULARIDADES EM LICITAÇÕES.
670,P,ACORDAO-COMPLETO-2268388,POSSÍVEL INCLUSÃO INDEVIDA DE ITENS EM EDITAL DE LICITAÇÃO.
671,P,ACORDAO-COMPLETO-2268388,POSSÍVEL ADESÃO INADEQUADA À ATA DE REGISTRO DE PREÇOS.
672,P,ACORDAO-COMPLETO-2268388,DEFICIÊNCIAS NA ELABORAÇÃO DO PLANEJAMENTO DA CONTRATAÇÃO.
673,E,ACORDAO-COMPLETO-2268388,AUDIÊNCIA DOS RESPONSÁVEIS.
674,E,ACORDAO-COMPLETO-2268388,PROPOSTA PARA A REJEIÇÃO PARCIAL DAS RAZÕES DE JUSTIFICATIVA.
675,E,ACORDAO-COMPLETO-2268388,APRESENTAÇÃO DE MEMORIAIS.
676,0,ACORDAO-COMPLETO-2268388,POSSÍVEL REALIZAÇÃO DE INSPEÇÃO.
677,D,ACORDAO-COMPLETO-2268388,MANUTENÇÃO DA PROPOSTA ORIGINAL.
678,A,ACORDAO-COMPLETO-2268388,CONHECIMENTO.
679,D,ACORDAO-COMPLETO-2268388,PROCEDÊNCIA PARCIAL.
680,R,ACORDAO-COMPLETO-2268388,DETERMINAÇÕES.
681,R,ACORDAO-COMPLETO-2268388,ACOMPANHAMENTO.
682,T,ACORDAO-COMPLETO-2267548,REPRESENTAÇÃO.
683,M,ACORDAO-COMPLETO-2267548,PREGÃO ELETRÔNICO.
684,O,ACORDAO-COMPLETO-2267548,SOLUÇÃO DE SEGURANÇA DA INFORMAÇÃO.
685,A,ACORDAO-COMPLETO-2267548,CONHECIMENTO.
686,P,ACORDAO-COMPLETO-2267548,DESCLASSIFICAÇÃO DE LICITANTE SEM REALIZAÇÃO DE TESTE DE CONFORMIDADE PREVISTO EM EDITAL.
687,P,ACORDAO-COMPLETO-2267548,TESTE DEFINIDO COMO FACULTATIVO.
688,D,ACORDAO-COMPLETO-2267548,PROCEDÊNCIA PARCIAL.
689,F,ACORDAO-COMPLETO-2267548,EQUIPAMENTO DA REPRESENTANTE REPROVADO EM TESTE DE BANCADA REALIZADO PELO SENADO FEDERAL.
690,F,ACORDAO-COMPLETO-2267548,PERIGO DA DEMORA REVERSO.
691,D,ACORDAO-COMPLETO-2267548,INDEFERIMENTO DE MEDIDA CAUTELAR.
692,R,ACORDAO-COMPLETO-2267548,CIÊNCIA.
693,R,ACORDAO-COMPLETO-2267548,ARQUIVAMENTO.
694,F,ACORDAO-COMPLETO-2267548,"Os testes de conformidade ou assemelhados, previstos nos editais dos certames licitatórios promovidos por órgãos e entidades da administração pública federal para aferição da adequação das propostas ofertadas aos requisitos de habilitação, devem ser previstos como procedimentos obrigatórios, inaplicáveis apenas nas situações objetivamente definidas no instrumento convocatório, sob pena de afronta aos princípios da igualdade e do julgamento objetivo, insculpidos no art. 3º, caput, e no art. 44, § 1º, da Lei 8.666/1993."
695,T,ACORDAO-COMPLETO-2270711,REPRESENTAÇÃO COM PEDIDO DE CAUTELAR SUSPENSIVA.
696,O,ACORDAO-COMPLETO-2270711,PREGÃO PRESENCIAL PARA A AQUISIÇÃO DE TUBOS PARA A EXECUÇÃO DE OBRAS DE ADUTORA NO ESTADO DE SANTA CATARINA.
697,P,ACORDAO-COMPLETO-2270711,CONTROVÉRSIA SOBRE O MATERIAL ADMITIDO NO CERTAME LICITATÓRIO.
698,E,ACORDAO-COMPLETO-2270711,OITIVA PRÉVIA.
699,E,ACORDAO-COMPLETO-2270711,CONCESSÃO DA CAUTELAR SUSPENSIVA.
700,E,ACORDAO-COMPLETO-2270711,NOVA OITIVA.
701,E,ACORDAO-COMPLETO-2270711,"ESCLARECIMENTOS, POR PARTE DA ENTIDADE LICITANTE, NO SENTIDO DE QUE A ACEITAÇÃO DE MAIS DE UM TIPO DE MATERIAL TERIA RESULTADO EM AMPLIAÇÃO DA COMPETITIVIDADE COM POSSÍVEL REDUÇÃO DOS PREÇOS OFERTADOS NO CERTAME."
702,P,ACORDAO-COMPLETO-2270711,AUSÊNCIA DE ESTUDOS PRÉVIOS SOBRE A VANTAJOSIDADE DA OPÇÃO DE UM OU OUTRO MATERIAL.
703,A,ACORDAO-COMPLETO-2270711,Conhecimento.
704,D,ACORDAO-COMPLETO-2270711,PROCEDÊNCIA PARCIAL.
705,R,ACORDAO-COMPLETO-2270711,REVOGAÇÃO DA CAUTELAR APÓS A APRESENTAÇÃO DOS REFERIDOS ESTUDOS.
706,R,ACORDAO-COMPLETO-2270711,DETERMINAÇÃO.
707,R,ACORDAO-COMPLETO-2270711,ACOMPANHAMENTO DO EMPREENDIMENTO E MONITORAMENTO DA DETERMINAÇÃO PELA SEINFRACOM.
708,T,ACORDAO-COMPLETO-2269186,REPRESENTAÇÃO.
709,S,ACORDAO-COMPLETO-2269186,PEDIDO DE CAUTELAR SUPENSIVA.
710,O,ACORDAO-COMPLETO-2269186,SUPOSTA IRREGULARIDADE NA ACEITAÇÃO DA PROPOSTA DA VENCEDORA DO PREGÃO ELETRÔNICO PARA A CONTRATAÇÃO DE SERVIÇOS DE IMPRESSÃO E DE REPROGRAFIA.
711,P,ACORDAO-COMPLETO-2269186,MERO PATROCÍNIO DE INTERESSE PARTICULAR.
712,F,ACORDAO-COMPLETO-2269186,QUESTÃO ESTRANHA ÀS ATRIBUIÇÕES DO TCU.
713,F,ACORDAO-COMPLETO-2269186,AUSÊNCIA DOS REQUISITOS DE ADMISSIBILIDADE.
714,A,ACORDAO-COMPLETO-2269186,NÃO CONHECIMENTO.
715,D,ACORDAO-COMPLETO-2269186,PREJUÍZO À CONCESSÃO DA CAUTELAR.
716,R,ACORDAO-COMPLETO-2269186,CIÊNCIA.
717,0,ACORDAO-COMPLETO-2269186,.
718,T,ACORDAO-COMPLETO-2268249,Representação.
719,O,ACORDAO-COMPLETO-2268249,contratação de transporte escolar.
720,P,ACORDAO-COMPLETO-2268249,Irregularidades no EDITAL DE pregão presencial.
721,A,ACORDAO-COMPLETO-2268249,conhecimento.
722,D,ACORDAO-COMPLETO-2268249,procedência PARCIAL.
723,R,ACORDAO-COMPLETO-2268249,determinações para não renovação do contrato e não repetição das irregularidades em certames futuros.
724,R,ACORDAO-COMPLETO-2268249,COMUNICAÇÕES.
725,R,ACORDAO-COMPLETO-2268249,ARQUIVAMENTO.
726,O,ACORDAO-COMPLETO-2269713,"REPRESENTAÇÃO ACERCA DE POSSÍVEIS IRREGULARIDADES NO EDITAL DE PREGÃO ELETRÔNICO 168/2016, DO DNIT, CUJO OBJETO É A CONTRATAÇÃO DE SERVIÇOS DE DISPONIBILIZAÇÃO, INSTALAÇÃO, OPERAÇÃO E MANUTENÇÃO DE EQUIPAMENTOS ELETRÔNICOS DE CONTROLE DE TRÁFEGO."
727,E,ACORDAO-COMPLETO-2269713,CONCESSÃO DE MEDIDA CAUTELAR PARA SUSPENSÃO DO CERTAME.
728,0,ACORDAO-COMPLETO-2269713,MÉRITO.
729,D,ACORDAO-COMPLETO-2269713,REPRESENTAÇÃO PARCIALMENTE PROCEDENTE.
730,F,ACORDAO-COMPLETO-2269713,IRREGULARIDADES ESCLARECIDAS E RISCOS ATENUADOS.
731,R,ACORDAO-COMPLETO-2269713,REVOGAÇÃO DA CAUTELAR.
732,R,ACORDAO-COMPLETO-2269713,CIÊNCIA.
733,T,ACORDAO-COMPLETO-2247035,REPRESENTAÇÃO COM PEDIDO DE CAUTELAR.
734,O,ACORDAO-COMPLETO-2247035,PREGÃO ELETRÔNICO PARA PRESTAÇÃO DE SERVIÇOS DE TECNOLOGIA DA INFORMAÇÃO EM REGIME DE FÁBRICA DE SOFTWARE.
735,O,ACORDAO-COMPLETO-2247035,BARRAMENTO DE SERVIÇOS E BUSINESS INTELIGENCE (BI).
736,P,ACORDAO-COMPLETO-2247035,EXIGÊNCIAS EDITALÍCIAS RESTRITIVAS À COMPETITIVIDADE DO CERTAME.
737,A,ACORDAO-COMPLETO-2247035,CONHECIMENTO.
738,E,ACORDAO-COMPLETO-2247035,OITIVAS.
739,E,ACORDAO-COMPLETO-2247035,DILIGÊNCIAS.
740,F,ACORDAO-COMPLETO-2247035,EXIGÊNCIAS DE CREDENCIAMENTO DEVIDAMENTE MOTIVADAS.
741,D,ACORDAO-COMPLETO-2247035,PROCEDÊNCIA PARCIAL.
742,D,ACORDAO-COMPLETO-2247035,INDEFERIMENTO DE CAUTELAR.
743,D,ACORDAO-COMPLETO-2247035,INDEFERIMENTO DE INGRESSO COMO PARTE INTERESSADA.
744,R,ACORDAO-COMPLETO-2247035,RECOMENDAÇÕES.
745,R,ACORDAO-COMPLETO-2247035,ARQUIVAMENTO.
746,F,ACORDAO-COMPLETO-2247035,"Não se confundem os requisitos atinentes ao acervo técnico das empresas, conhecidos como ""qualificação técnica profissional"" com aqueles associados à qualidade da empresa como unidade jurídica e econômica, chamada de ""capacitação técnico-operacional"", adquirida principalmente pela experiência na entrega de bens e serviços ao longo de sua existência."
747,F,ACORDAO-COMPLETO-2247035,"Exigências de qualificação técnica cuja natureza se assemelhem à necessidade de credenciamento de empresas junto a fabricantes inserem-se no conceito de capacitação técnico-operacional, de modo que sua presença no edital não pressupõe, a priori, ofensa ao caráter competitivo das licitações públicas, devendo ser devidamente motivadas pelo órgão ou pela entidade promotora."
748,T,ACORDAO-COMPLETO-2254128,REPRESENTAÇÃO.
749,O,ACORDAO-COMPLETO-2254128,PREGÃO ELETRÔNICO PARA CONTRATAÇÃO DE SERVIÇO DE SOLUÇÃO DE IMPRESSÃO.
750,O,ACORDAO-COMPLETO-2254128,OUTSOURCING.
751,A,ACORDAO-COMPLETO-2254128,CONHECIMENTO.
752,E,ACORDAO-COMPLETO-2254128,OITIVA PRÉVIA.
753,E,ACORDAO-COMPLETO-2254128,ADOÇÃO DE MEDIDA CAUTELAR.
754,E,ACORDAO-COMPLETO-2254128,OITIVA E AUDIÊNCIAS.
755,F,ACORDAO-COMPLETO-2254128,"AUSÊNCIA DE ELEMENTOS QUE COMPROVEM OS INDÍCIOS DE SUPERDIMENSIONAMENTO DE EQUIPAMENTOS, EXCESSO DE PADRONIZAÇÃO E SOBREPREÇO."
756,D,ACORDAO-COMPLETO-2254128,IMPROCEDÊNCIA.
757,F,ACORDAO-COMPLETO-2254128,IMPROPRIEDADES QUE NÃO INVALIDAM O CERTAME.
758,R,ACORDAO-COMPLETO-2254128,REVOGAÇÃO DA DECISÃO CAUTELAR.
759,R,ACORDAO-COMPLETO-2254128,CIÊNCIA.
760,R,ACORDAO-COMPLETO-2254128,DETERMINAÇÃO.
761,T,ACORDAO-COMPLETO-2256941,REPRESENTAÇÃO.
762,0,ACORDAO-COMPLETO-2256941,LICITAÇÃO PARA CONCESSÃO DO TERMINAL STM05 NO PORTO ORGANIZADO DE SANTARÉM.
763,P,ACORDAO-COMPLETO-2256941,SUPOSTAS ILEGALIDADES NO LEILÃO 8/2016-ANTAQ.
764,P,ACORDAO-COMPLETO-2256941,NÃO COMPROVAÇÃO DAS FALHAS NOS ESTUDOS DE VIABILIDADE E NO FLUXO DE CAIXA DA CONCESSÃO.
765,P,ACORDAO-COMPLETO-2256941,AUSÊNCIA DE ELEMENTOS QUE PERMITAM A HABILITAÇÃO DA REPRESENTANTE COMO PARTE NOS AUTOS.
766,D,ACORDAO-COMPLETO-2256941,NÃO ACOLHIMENTO DA PRETENSÃO DE SUSPENSÃO CAUTELAR.
767,D,ACORDAO-COMPLETO-2256941,IMPROCEDÊNCIA DA REPRESENTAÇÃO.
768,R,ACORDAO-COMPLETO-2256941,DETERMINAÇÃO À ANTAQ E AO MTPA.
769,R,ACORDAO-COMPLETO-2256941,CIÊNCIA.
770,R,ACORDAO-COMPLETO-2256941,ARQUIVAMENTO.
771,T,ACORDAO-COMPLETO-2245650,REPRESENTAÇÃO.
772,O,ACORDAO-COMPLETO-2245650,PREGÃO ELETRÔNICO PARA AQUISIÇÃO DE MATERIAIS DE INFORMÁTICA.
773,P,ACORDAO-COMPLETO-2245650,IRREGULARIDADE NA DESCLASSIFICAÇÃO DE EMPRESAS.
774,P,ACORDAO-COMPLETO-2245650,INEXISTÊNCIA DE INTERESSE PÚBLICO A TUTELAR.
775,A,ACORDAO-COMPLETO-2245650,CONHECIMENTO.
776,D,ACORDAO-COMPLETO-2245650,INDEFERIMENTO DA CAUTELAR PLEITEADA.
777,D,ACORDAO-COMPLETO-2245650,PROCEDÊNCIA PARCIAL.
778,R,ACORDAO-COMPLETO-2245650,DETERMINAÇÃO.
779,R,ACORDAO-COMPLETO-2245650,ARQUIVAMENTO.
780,T,ACORDAO-COMPLETO-2103134,REPRESENTAÇÃO.
781,P,ACORDAO-COMPLETO-2103134,POSSÍVEIS IRREGULARIDADES NA CONDUÇÃO DE CONVITE.
782,O,ACORDAO-COMPLETO-2103134,AQUISIÇÃO DE MATERIAIS DE EXPEDIENTE.
783,0,ACORDAO-COMPLETO-2103134,RECURSOS ORIUNDOS DO MINISTÉRIO DE DESENVOLVIMENTO SOCIAL E COMBATE À FOME.
784,E,ACORDAO-COMPLETO-2103134,AUDIÊNCIAS.
785,E,ACORDAO-COMPLETO-2103134,REVELIA DE ALGUNS RESPONSÁVEIS.
786,D,ACORDAO-COMPLETO-2103134,REJEIÇÃO DAS RAZÕES DE JUSTIFICATIVA DE OUTROS.
787,D,ACORDAO-COMPLETO-2103134,PROCEDÊNCIA.
788,R,ACORDAO-COMPLETO-2103134,MULTAS.
789,R,ACORDAO-COMPLETO-2103134,DECLARAÇÃO DE INIDONEIDADE DAS EMPRESAS ENVOLVIDAS.
790,R,ACORDAO-COMPLETO-2103134,CIÊNCIA.
791,T,ACORDAO-COMPLETO-2055560,REPRESENTAÇÃO.
792,M,ACORDAO-COMPLETO-2055560,PREGÃO ELETRÔNICO.
793,O,ACORDAO-COMPLETO-2055560,CONTRATAÇÃO DE SERVIÇOS DE VIGILÂNCIA CONTÍNUA EM EDIFÍCIO SEDE DA SUPERINTENDÊNCIA DO IBAMA EM SÃO LUÍS/MA.
794,P,ACORDAO-COMPLETO-2055560,SUPOSTAS IRREGULARIDADES NA INABILITAÇÃO DE EMPRESA LICITANTE.
795,E,ACORDAO-COMPLETO-2055560,OITIVA DA ENTIDADE LICITANTE.
796,F,ACORDAO-COMPLETO-2055560,INSUBSISTÊNCIA DAS IRREGULARIDADES SUSCITADAS PELA REPRESENTANTE.
797,A,ACORDAO-COMPLETO-2055560,CONHECIMENTO.
798,D,ACORDAO-COMPLETO-2055560,IMPROCEDÊNCIA.
799,R,ACORDAO-COMPLETO-2055560,ARQUIVAMENTO.
800,T,ACORDAO-COMPLETO-1562258,REPRESENTAÇÃO.
801,N,ACORDAO-COMPLETO-1562258,MUNICÍPIO DE MIRANTE DA SERRA/RO.
802,M,ACORDAO-COMPLETO-1562258,CONCORRÊNCIA 1/2015.
803,O,ACORDAO-COMPLETO-1562258,IMPLANTAÇÃO DE SISTEMA DE ESGOTAMENTO SANITÁRIO DO MUNICÍPIO.
804,0,ACORDAO-COMPLETO-1562258,"RECURSOS ORIUNDOS DA FUNDAÇÃO NACIONAL DE SAÚDE (FUNASA), TRANSFERIDOS POR MEIO DE TERMO DE COMPROMISSO."
805,P,ACORDAO-COMPLETO-1562258,EXIGÊNCIAS EDITALÍCIAS DESCONFORMES COM A LEGISLAÇÃO E A JURISPRUDÊNCIA APLICADA.
806,E,ACORDAO-COMPLETO-1562258,SUSPENSÃO CAUTELAR DA CONCORRÊNCIA.
807,E,ACORDAO-COMPLETO-1562258,OITIVAS.
808,D,ACORDAO-COMPLETO-1562258,PROCEDÊNCIA DA REPRESENTAÇÃO.
809,R,ACORDAO-COMPLETO-1562258,DETERMINAÇÃO PARA ANULAÇÃO DO CERTAME.
810,R,ACORDAO-COMPLETO-1562258,COMUNICAÇÕES.
811,R,ACORDAO-COMPLETO-1562258,ARQUIVAMENTO.
812,T,ACORDAO-COMPLETO-1336576,REPRESENTAÇÃO.
813,M,ACORDAO-COMPLETO-1336576,CONCORRÊNCIA.
814,O,ACORDAO-COMPLETO-1336576,OBRAS DE CONSTRUÇÃO DA NOVA SEDE DO TRIBUNAL REGIONAL DO TRABALHO DA 24ª REGIÃO/MS.
815,E,ACORDAO-COMPLETO-1336576,AUDIÊNCIA DOS GESTORES E TÉCNICOS DO TRT-24/MS EM RELAÇÃO A IRREGULARIDADES NO ORÇAMENTO-BASE DA LICITAÇÃO.
816,F,ACORDAO-COMPLETO-1336576,"DEMONSTRAÇÃO, POR PARTE DOS ENVOLVIDOS, DE QUE AGIRAM COM CAUTELA."
817,F,ACORDAO-COMPLETO-1336576,SOBREPREÇO IDENTIFICADO ANTERIORMENTE JÁ FOI OBJETO DE REPACTUAÇÃO.
818,F,ACORDAO-COMPLETO-1336576,FALHAS REMANESCENTES DE MENOR PODER OFENSIVO.
819,D,ACORDAO-COMPLETO-1336576,ACOLHIMENTO PARCIAL DAS RAZÕES DE JUSTIFICATIVA.
820,R,ACORDAO-COMPLETO-1336576,CIÊNCIA AO ÓRGÃO DAS NÃO CONFORMIDADES DETECTADAS PARA ADOÇÃO DAS MEDIDAS CORRETIVAS NECESSÁRIAS.
821,T,ACORDAO-COMPLETO-1335210,REPRESENTAÇÃO.
822,M,ACORDAO-COMPLETO-1335210,TOMADA DE PREÇOS.
823,N,ACORDAO-COMPLETO-1335210,INB.
824,O,ACORDAO-COMPLETO-1335210,CONTRATAÇÃO DE SERVIÇOS DE ENGENHARIA CONSULTIVA.
825,P,ACORDAO-COMPLETO-1335210,ALEGAÇÃO DE EXIGÊNCIA INDEVIDA DE EXPERIÊNCIA ANTERIOR NA EXECUÇÃO DE OBJETO IDÊNTICO AO LICITADO.
826,P,ACORDAO-COMPLETO-1335210,SUPOSTO CERCEAMENTO À COMPETITIVIDADE.
827,S,ACORDAO-COMPLETO-1335210,PEDIDO DE SUSPENSÃO CAUTELAR.
828,F,ACORDAO-COMPLETO-1335210,AUSÊNCIA DE RESTRIÇÃO AO CARÁTER COMPETITIVO DO CERTAME.
829,F,ACORDAO-COMPLETO-1335210,EXIGÊNCIAS DE QUALIFICAÇÃO TÉCNICA E ECONÔMICA INDISPENSÁVEIS À GARANTIA DO CUMPRIMENTO DAS OBRIGAÇÕES CONTRATUAIS DERIVADAS DA LICITAÇÃO.
830,A,ACORDAO-COMPLETO-1335210,CONHECIMENTO.
831,D,ACORDAO-COMPLETO-1335210,IMPROCEDÊNCIA.
832,D,ACORDAO-COMPLETO-1335210,PEDIDO DE MEDIDA CAUTELAR PREJUDICADO.
833,R,ACORDAO-COMPLETO-1335210,CIÊNCIA.
834,R,ACORDAO-COMPLETO-1335210,ARQUIVAMENTO.
835,F,ACORDAO-COMPLETO-1335210,"1. De acordo com o art. 37, inciso XXI, da Constituição de 1988, a licitação pública deve sempre assegurar igualdade de condições a todos os concorrentes, mas pode permitir exigências de qualificação técnica e econômica consideradas indispensáveis à garantia do cumprimento das obrigações."
836,F,ACORDAO-COMPLETO-1335210,"2. Para a comprovação da capacidade técnico-operacional das licitantes, e desde que limitada, simultaneamente, às parcelas de maior relevância e valor significativo do objeto a ser contratado, é legal a exigência de comprovação da execução de quantitativos mínimos em obras ou serviços com características semelhantes, devendo essa exigência guardar proporção com a dimensão e a complexidade do objeto a ser executado (Súmula TCU 263)."
837,T,ACORDAO-COMPLETO-1330288,representação.
838,N,ACORDAO-COMPLETO-1330288,Ministério Público do Estado de São Paulo - Promotoria de Justiça de Várzea Paulista/SP.
839,P,ACORDAO-COMPLETO-1330288,"POSSÍVEIS IRREGULARIDADES NO CONCURSO DE PROJETOS Nº 1/2011 E CORRESPONDENTE Termo de parceria Nº 1/2011, firmado entre o Município de Várzea Paulista/SP e o Instituto Brasileiro de Saúde, Tecnologia e Cidadania (Ibrastec)."
840,E,ACORDAO-COMPLETO-1330288,DILIGÊNCIA.
841,E,ACORDAO-COMPLETO-1330288,OITIVA.
842,E,ACORDAO-COMPLETO-1330288,AUDIÊNCIAS.
843,E,ACORDAO-COMPLETO-1330288,REVELIA DE ALGUNS RESPONSÁVEIS.
844,D,ACORDAO-COMPLETO-1330288,ACOLHIMENTO DAS RAZÕES DE JUSTIFICATIVA DE OUTROS.
845,A,ACORDAO-COMPLETO-1330288,CONHECIMENTO.
846,D,ACORDAO-COMPLETO-1330288,PROCEDÊNCIA PARCIAL.
847,R,ACORDAO-COMPLETO-1330288,CIÊNCIA.
848,T,ACORDAO-COMPLETO-1320876,REPRESENTAÇÃO COM PEDIDO DE CAUTELAR.
849,M,ACORDAO-COMPLETO-1320876,CONCORRÊNCIA.
850,O,ACORDAO-COMPLETO-1320876,REFORMA DE HOSPITAL.
851,P,ACORDAO-COMPLETO-1320876,INABILITAÇÃO DE LICITANTE.
852,P,ACORDAO-COMPLETO-1320876,"EXIGÊNCIA DE APRESENTAÇÃO DE PROCURAÇÃO, MESMO ESTANDO PRESENTE O SÓCIO DA EMPRESA."
853,P,ACORDAO-COMPLETO-1320876,"PREVISÃO, NO EDITAL, DE QUE OS ATESTADOS TÉCNICOS TENHAM SIDO EMITIDOS EM DETERMINADO PRAZO, EM CONFRONTO COM OS TERMOS DA LEI."
854,E,ACORDAO-COMPLETO-1320876,SUSPENSÃO CAUTELAR DOS PROCEDIMENTOS.
855,E,ACORDAO-COMPLETO-1320876,POSTERIOR REVOGAÇÃO DA CAUTELAR EM FACE DA ASSINATURA DO CONTRATO.
856,E,ACORDAO-COMPLETO-1320876,AUDIÊNCIA DOS ENVOLVIDOS.
857,F,ACORDAO-COMPLETO-1320876,INEXISTÊNCIA DE DOLO.
858,D,ACORDAO-COMPLETO-1320876,ACATAMENTO DAS RAZÕES DE JUSTIFICATIVAS.
859,R,ACORDAO-COMPLETO-1320876,CIÊNCIA À ENTIDADE DAS IMPROPRIEDADES COMETIDAS PARA CORREÇÃO.
860,R,ACORDAO-COMPLETO-1320876,ARQUIVAMENTO.
861,T,ACORDAO-COMPLETO-1320354,Representação com pedido de medida cautelar.
862,M,ACORDAO-COMPLETO-1320354,Concorrência.
863,O,ACORDAO-COMPLETO-1320354,Obras e serviços de engenharia.
864,A,ACORDAO-COMPLETO-1320354,Conhecimento.
865,P,ACORDAO-COMPLETO-1320354,Indícios de irregularidade.
866,P,ACORDAO-COMPLETO-1320354,Cláusulas restritivas à competitividade do certame.
867,F,ACORDAO-COMPLETO-1320354,Presença dos pressupostos para a concessão da cautelar.
868,D,ACORDAO-COMPLETO-1320354,Deferimento.
869,E,ACORDAO-COMPLETO-1320354,Oitiva.
870,E,ACORDAO-COMPLETO-1320354,Diligência.
871,F,ACORDAO-COMPLETO-1320354,obras em andamento.
872,F,ACORDAO-COMPLETO-1320354,Perigo da demora reverso.
873,D,ACORDAO-COMPLETO-1320354,Revogação da cautelar.
874,F,ACORDAO-COMPLETO-1320354,Justificativas não convincentes para as irregularidades encontradas na licitação.
875,R,ACORDAO-COMPLETO-1320354,Audiência.
876,T,ACORDAO-COMPLETO-1310820,REPRESENTAÇÃO DO MINISTÉRIO PÚBLICO DA PARAÍBA.
877,O,ACORDAO-COMPLETO-1310820,"INDÍCIOS DE IRREGULARIDADES OCORRIDAS NO ÂMBITO DO CONVITE 4/2005, SOB RESPONSABILIDADE DA PREFEITURA MUNICIPAL DE PRINCESA ISABEL/PB, CUJO OBJETO É A AQUISIÇÃO DE MATERIAL ODONTOLÓGICO, A CUSTAS DE TRANSFERÊNCIAS DO FUNDO NACIONAL DE SAÚDE (FNS)."
878,P,ACORDAO-COMPLETO-1310820,EMPRESAS PARTICIPANTES DO CERTAME LICITATÓRIO COM MESMO SÓCIO MAJORITÁRIO E MESMO PROCURADOR.
879,F,ACORDAO-COMPLETO-1310820,ELEMENTOS NOS AUTOS CORROBORAM A FRUSTRAÇÃO DO CARÁCTER COMPETITIVO DA LICITAÇÃO.
880,F,ACORDAO-COMPLETO-1310820,FRAUDE À LICITAÇÃO.
881,E,ACORDAO-COMPLETO-1310820,AUDIÊNCIA DOS RESPONSÁVEIS.
882,F,ACORDAO-COMPLETO-1310820,RAZÕES DE JUSTIFICATIVA NÃO SUFICIENTES PARA A ELISÃO DAS IRREGULARIDADES.
883,R,ACORDAO-COMPLETO-1310820,MULTA.
884,R,ACORDAO-COMPLETO-1310820,"DECLARAÇÃO DE INIDONEIDADE DAS EMPRESAS SAÚDE DENTAL COMÉRCIO E REPRESENTAÇÃO LTDA E SAÚDE MÉDICA COMÉRCIO LTDA PARA PARTICIPAR DE LICITAÇÕES NO ÂMBITO DA ADMINISTRAÇÃO PÚBLICA FEDERAL, NA FORMA ESTABELECIDA NO ART. 46, INCISO III, DA LEI 8.443/92."
885,T,ACORDAO-COMPLETO-1294214,REPRESENTAÇÃO.
886,O,ACORDAO-COMPLETO-1294214,SUPOSTAS IRREGULARIDADES NO EDITAL DE CONCORRÊNCIA PÚBLICA DESTINADA À CONTRATAÇÃO DE EMPRESA PARA CONSTRUÇÃO DO SISTEMA DE ESGOTAMENTO SANITÁRIO NO MUNICÍPIO COM RECURSOS FEDERAIS.
887,P,ACORDAO-COMPLETO-1294214,EXIGÊNCIAS DE QUALIFICAÇÃO TÉCNICA OPERACIONAL E PROFISSIONAL INADEQUADAS.
888,E,ACORDAO-COMPLETO-1294214,CONCEDIDA CAUTELAR PARA DETERMINAR À PREFEITURA DE BOM JESUS DO NORTE QUE SE ABSTIVESSE DE PRATICAR ATOS TENDENTES À FINALIZAÇÃO DA CONCORRÊNCIA ATÉ QUE O TRIBUAL DELIBERASSE A RESPEITO DO MÉRITO DA REPRESENTAÇÃO.
889,E,ACORDAO-COMPLETO-1294214,OITIVA DO MUNICÍPIO.
890,E,ACORDAO-COMPLETO-1294214,SUPENSÃO PROCESSO PELA ATUAL GESTÃO MUNICIPAL ATÉ QUE O TRIBUNAL DELIBERE A RESPEITO.
891,D,ACORDAO-COMPLETO-1294214,ILEGALIDADE DOS PROCEDIMENTOS ADOTADOS NA CONDUÇÃO DO PROCESSO LICITATÓRIO.
892,R,ACORDAO-COMPLETO-1294214,FIXAÇÃO DE PRAZO PARA QUE A PREFEITURA MUNICIPAL ADOTE AS MEDIDAS NECESSÁRIAS AO EXATO CUMPRIMENTO DA LEI.
893,R,ACORDAO-COMPLETO-1294214,DETERMINADA A AUDIÊNCIA DOS RESPONSAVEIS.
894,T,ACORDAO-COMPLETO-1280931,REPRESENTAÇÃO.
895,O,ACORDAO-COMPLETO-1280931,"SUPOSTAS IRREGULARIDADES NA CONDUÇÃO DE TOMADA DE PREÇOS REALIZADA PELA UNIVERSIDADE FEDERAL DE CIÊNCIAS DA SAÚDE DE PORTO ALEGRE - UFCSPA PARA CONTRATAÇÃO DE EMPRESA, COM FINALIDADE DE CRIAÇÃO, EDITORAÇÃO, FINALIZAÇÃO E SUPERVISÃO DA PRODUÇÃO DE TRÊS MATERIAIS GRÁFICOS."
896,E,ACORDAO-COMPLETO-1280931,AUDIÊNCIA DE RESPONSÁVEIS.
897,E,ACORDAO-COMPLETO-1280931,APRESENTAÇÃO DE RAZÕES DE JUSTIFICATIVA.
898,D,ACORDAO-COMPLETO-1280931,ACATAMENTO PARCIAL DAS RAZÕES DE JUSTIFICATIVA.
899,F,ACORDAO-COMPLETO-1280931,SUBSISTÊNCIA DE IMPROPRIEDADE NA PONTUAÇÃO DE PROPOSTA TÉCNICA DE UMA DAS LICITANTES.
900,F,ACORDAO-COMPLETO-1280931,VERIFICAÇÃO DE QUE TAL FALHA NÃO FOI DECISIVA PARA A SOLUÇÃO DO CERTAME.
901,R,ACORDAO-COMPLETO-1280931,NÃO APLICAÇÃO DE MULTA ÀS AGENTES OUVIDAS EM AUDIÊNCIA.
902,R,ACORDAO-COMPLETO-1280931,CIÊNCIA À ENTIDADE ACERCA DA IMPROPRIEDADE APURADA.
903,R,ACORDAO-COMPLETO-1280931,ARQUIVAMENTO.
904,T,ACORDAO-COMPLETO-1270954,REPRESENTAÇÃO.
905,A,ACORDAO-COMPLETO-1270954,CONHECIMENTO.
906,P,ACORDAO-COMPLETO-1270954,POSSÍVEIS IRREGULARIDADES OCORRIDAS NO ÂMBITO DE CONVITE ELETRÔNICO PROMOVIDO PELA PETROBRAS.
907,O,ACORDAO-COMPLETO-1270954,AUDITORIA INTERNA E EXTERNA EM SERVIÇOS DE SAÚDE.
908,P,ACORDAO-COMPLETO-1270954,DESCLASSIFICAÇÃO DE PROPOSTAS CONSIDERADAS INEXEQUÍVEIS.
909,S,ACORDAO-COMPLETO-1270954,PEDIDO DE ADOÇÃO DE MEDIDA CAUTELAR.
910,0,ACORDAO-COMPLETO-1270954,PRESENÇA DO PERICULUM IN MORA REVERSO.
911,E,ACORDAO-COMPLETO-1270954,OITIVAS.
912,E,ACORDAO-COMPLETO-1270954,DILIGÊNCIAS.
913,E,ACORDAO-COMPLETO-1270954,INSPEÇÃO.
914,D,ACORDAO-COMPLETO-1270954,PROCEDÊNCIA PARCIAL.
915,F,ACORDAO-COMPLETO-1270954,MEDIDAS CORRETIVAS JÁ RECOMENDADAS PELO TRIBUNAL POR MEIO DO ACÓRDÃO Nº 2.528/2012 - PLENÁRIO.
916,R,ACORDAO-COMPLETO-1270954,DETERMINAÇÃO.
917,R,ACORDAO-COMPLETO-1270954,CIÊNCIA AOS INTERESSADOS.
918,R,ACORDAO-COMPLETO-1270954,ARQUIVAMENTO.
919,T,ACORDAO-COMPLETO-1260974,REPRESENTAÇÃO.
920,M,ACORDAO-COMPLETO-1260974,TOMADA DE PREÇOS.
921,O,ACORDAO-COMPLETO-1260974,CONTRATAÇÃO DA EXECUÇÃO DAS OBRAS DE ADEQUAÇÃO E REFORMA DA ADMINISTRAÇÃO E DIREITORIA DO IFSP.
922,P,ACORDAO-COMPLETO-1260974,INDÍCIOS DE IRREGULARIDADES NO INSTRUMENTO CONVOCATÓRIO.
923,E,ACORDAO-COMPLETO-1260974,CONCESSÃO DE MEDIDA CAUTELAR.
924,E,ACORDAO-COMPLETO-1260974,SUSPENSÃO DO CERTAME.
925,E,ACORDAO-COMPLETO-1260974,OITIVA DA ENTIDADE.
926,F,ACORDAO-COMPLETO-1260974,ESCLARECIMENTOS INCAPAZES DE AFASTAR AS IRREGULARIDADES APURADAS.
927,F,ACORDAO-COMPLETO-1260974,AUSÊNCIA DE DETALHAMENTO DE CUSTOS UNITÁRIOS.
928,F,ACORDAO-COMPLETO-1260974,AUSÊNCIA DE FIXAÇÃO DOS CRITÉRIOS DE ACEITABILIDADE DOS PREÇOS UNITÁRIOS E SEUS VALORES MÁXIMOS.
929,F,ACORDAO-COMPLETO-1260974,OUTRAS IRREGULARIDADES.
930,A,ACORDAO-COMPLETO-1260974,CONHECIMENTO.
931,D,ACORDAO-COMPLETO-1260974,PROCEDÊNCIA.
932,R,ACORDAO-COMPLETO-1260974,FIXAÇÃO DE PRAZO PARA ANULAÇÃO DA LICITAÇÃO.
933,R,ACORDAO-COMPLETO-1260974,OUTRAS MEDIDAS CORRETIVAS.
934,R,ACORDAO-COMPLETO-1260974,CIENTIFICAÇÃO.
935,R,ACORDAO-COMPLETO-1260974,COMUNICAÇÕES.
936,R,ACORDAO-COMPLETO-1260974,AUTORIZAÇÃO PARA O ARQUIVAMENTO.
937,T,ACORDAO-COMPLETO-1249091,REPRESENTAÇÃO.
938,N,ACORDAO-COMPLETO-1249091,PETROBRAS - UO/AMAZONAS.
939,O,ACORDAO-COMPLETO-1249091,INDÍCIOS DE IRREGULARIDADES EM CONVITE PARA LOCAÇÃO DE VEÍCULOS DE TRANSPORTE AQUÁTICO.
940,P,ACORDAO-COMPLETO-1249091,"ALEGAÇÃO DE INEXEQUIBILIDADE DA PROPOSTA VENCEDORA E DE ""JOGO DE PLANILHAS""."
941,A,ACORDAO-COMPLETO-1249091,CONHECIMENTO.
942,E,ACORDAO-COMPLETO-1249091,DILIGÊNCIAS SANEADORAS.
943,D,ACORDAO-COMPLETO-1249091,IMPROCEDÊNCIA.
944,R,ACORDAO-COMPLETO-1249091,CIÊNCIA AOS INTERESSADOS.
945,R,ACORDAO-COMPLETO-1249091,ARQUIVAMENTO.
946,T,ACORDAO-COMPLETO-1176038,REPRESENTAÇÃO.
947,M,ACORDAO-COMPLETO-1176038,PREGÃO ELETRÔNICO.
948,O,ACORDAO-COMPLETO-1176038,CONTRATAÇÃO DE EMPRESA DE VIGILÂNCIA ARMADA.
949,P,ACORDAO-COMPLETO-1176038,SERVIÇOS DE SEGURANÇA E TRANSPORTE INERENTES A SERVIDORES CONCURSADOS.
950,P,ACORDAO-COMPLETO-1176038,ALEGAÇÃO DE BURLA À REGRA DO CONCURSO PÚBLICO.
951,E,ACORDAO-COMPLETO-1176038,OITIVA PRÉVIA.
952,A,ACORDAO-COMPLETO-1176038,CONHECIMENTO.
953,D,ACORDAO-COMPLETO-1176038,IMPROCEDÊNCIA.
954,D,ACORDAO-COMPLETO-1176038,PEDIDO DE MEDIDA CAUTELAR PREJUDICADO.
955,R,ACORDAO-COMPLETO-1176038,DETERMINAÇÃO.
956,R,ACORDAO-COMPLETO-1176038,CIÊNCIA.
957,R,ACORDAO-COMPLETO-1176038,ARQUIVAMENTO.
958,T,ACORDAO-COMPLETO-1177330,REPRESENTAÇÃO.
959,0,ACORDAO-COMPLETO-1177330,RECURSOS DO FUNDO NACIONAL DE DESENVOLVIMENTO DA EDUCAÇÃO - FNDE.
960,O,ACORDAO-COMPLETO-1177330,AQUISIÇÃO DE MICROÔNIBUS POR MEIO DE CONVITE.
961,P,ACORDAO-COMPLETO-1177330,EMPRESAS CONCORRENTES COM MESMOS SÓCIOS.
962,P,ACORDAO-COMPLETO-1177330,FRAUDE NA LICITAÇÃO.
963,E,ACORDAO-COMPLETO-1177330,AUDIÊNCIAS DOS RESPONSÁVEIS E OITIVAS DAS EMPRESAS.
964,D,ACORDAO-COMPLETO-1177330,REJEIÇÃO DAS RAZÕES DE JUSTIFICATIVA.
965,A,ACORDAO-COMPLETO-1177330,CONHECIMENTO.
966,R,ACORDAO-COMPLETO-1177330,MULTA.
967,R,ACORDAO-COMPLETO-1177330,DECLARAÇÃO DE INIDONEIDADE.
968,F,ACORDAO-COMPLETO-1177330,A comprovação de fraude em processo licitatório importa na aplicação de multa aos responsáveis e na declaração de inidoneidade das empresas envolvidas para participar de licitação realizada no âmbito da Administração Pública Federal.
969,T,ACORDAO-COMPLETO-1158996,REPRESENTAÇÃO.
970,O,ACORDAO-COMPLETO-1158996,POSSÍVEIS IRREGULARIDADES EM CONCORRÊNCIA PROMOVIDA POR FURNAS CENTRAIS ELÉTRICAS S.A. PARA CONTRATAÇÃO DE SERVIÇOS DE CONSULTORIA.
971,E,ACORDAO-COMPLETO-1158996,SOLICITAÇÃO DE MEDIDA CAUTELAR.
972,0,ACORDAO-COMPLETO-1158996,AUSÊNCIA DE FUMUS BONI IURIS E DE PERICULUM IN MORA.
973,A,ACORDAO-COMPLETO-1158996,CONHECIMENTO.
974,D,ACORDAO-COMPLETO-1158996,PROCEDÊNCIA PARCIAL.
975,F,ACORDAO-COMPLETO-1158996,FALHAS QUE NÃO COMPROMETERAM A LISURA DO CERTAME.
976,R,ACORDAO-COMPLETO-1158996,ALERTAS À UNIDADE.
977,R,ACORDAO-COMPLETO-1158996,COMUNICAÇÃO À REPRESENTANTE.
978,R,ACORDAO-COMPLETO-1158996,ARQUIVAMENTO.
979,T,ACORDAO-COMPLETO-1144087,REPRESENTAÇÃO.
980,0,ACORDAO-COMPLETO-1144087,RECURSOS DO FNDE.
981,O,ACORDAO-COMPLETO-1144087,AQUISIÇÃO DE MICROÔNIBUS POR MEIO DE CONVITE.
982,P,ACORDAO-COMPLETO-1144087,EMPRESAS CONCORRENTES COM MESMOS SÓCIOS.
983,P,ACORDAO-COMPLETO-1144087,FRAUDE NA LICITAÇÃO.
984,E,ACORDAO-COMPLETO-1144087,AUDIÊNCIAS DOS RESPONSÁVEIS E OITIVAS DAS EMPRESAS.
985,D,ACORDAO-COMPLETO-1144087,REJEIÇÃO DAS RAZÕES DE JUSTIFICATIVA.
986,A,ACORDAO-COMPLETO-1144087,CONHECIMENTO.
987,R,ACORDAO-COMPLETO-1144087,MULTA.
988,R,ACORDAO-COMPLETO-1144087,DECLARAÇÃO DE INIDONEIDADE.
989,F,ACORDAO-COMPLETO-1144087,A comprovação de fraude em processo licitatório importa na aplicação de multa aos responsáveis e na declaração de inidoneidade das empresas envolvidas para participar de licitação realizada no âmbito da Administração Pública Federal.
990,T,ACORDAO-COMPLETO-26982,Representação.
991,M,ACORDAO-COMPLETO-26982,Convite n° 038/2005.
992,O,ACORDAO-COMPLETO-26982,Contratação de empresa para execução de serviços de manutenção corretiva em máquinas de amarrar e encintar.
993,E,ACORDAO-COMPLETO-26982,Medida cautelar.
994,P,ACORDAO-COMPLETO-26982,Aceitação de preço unitário sem a demonstração de sua exeqüibilidade.
995,P,ACORDAO-COMPLETO-26982,Ausência de pesquisa de preço.
996,P,ACORDAO-COMPLETO-26982,Ausência de licitação para peças de reposição.
997,P,ACORDAO-COMPLETO-26982,Fuga ao procedimento licitatório.
998,P,ACORDAO-COMPLETO-26982,Pagamento de peça substituída por preço até 25% superior ao do fabricante.
999,P,ACORDAO-COMPLETO-26982,"Ofensa aos princípios da isonomia, da impessoalidade, da legalidade, da transparência e da seleção da proposta mais vantajosa."
1000,P,ACORDAO-COMPLETO-26982,Frustração ao caráter competitivo dos certames.
1001,P,ACORDAO-COMPLETO-26982,Rescisão do contrato.
1002,P,ACORDAO-COMPLETO-26982,Ausência de pagamentos.
1003,R,ACORDAO-COMPLETO-26982,Determinações.
1004,R,ACORDAO-COMPLETO-26982,Realização de auditoria.
1005,R,ACORDAO-COMPLETO-26982,Ciência ao interessado e à contratada.
1006,R,ACORDAO-COMPLETO-26982,Arquivamento.
1007,T,ACORDAO-COMPLETO-23684,Representação formulada por licitante.
1008,N,ACORDAO-COMPLETO-23684,Hospital dos Servidores do Estado - HSE/RJ.
1009,O,ACORDAO-COMPLETO-23684,Possíveis irregularidades na contratação de serviços de remoção de pacientes em ambulância.
1010,P,ACORDAO-COMPLETO-23684,Rescisão dos contratos então mantidos com a representante sem assegurar o contraditório e a ampla defesa.
1011,P,ACORDAO-COMPLETO-23684,Não adoção de providências com tempo hábil para celebrar novos contratos antes do vencimento do prazo das contratações emergenciais.
1012,P,ACORDAO-COMPLETO-23684,"Prorrogação de contratos por emergência ao arrepio da vedação contida no art. 24, inciso IV, da Lei nº 8.666/1993."
1013,P,ACORDAO-COMPLETO-23684,Realização de tomada de preços quando o custo da contratação inicial acrescido das prorrogações previstas no edital requeria a realização de concorrência.
1014,P,ACORDAO-COMPLETO-23684,Inobservância ao princípio da publicidade pela falta de publicação do aviso da licitação em jornal de grande circulação.
1015,A,ACORDAO-COMPLETO-23684,Conhecimento.
1016,D,ACORDAO-COMPLETO-23684,Procedência.
1017,R,ACORDAO-COMPLETO-23684,Audiência dos responsáveis.
1018,R,ACORDAO-COMPLETO-23684,Determinações.
1019,R,ACORDAO-COMPLETO-23684,Apensamento às contas para exame em conjunto.
1020,R,ACORDAO-COMPLETO-23684,Ciência à interessada.
1021,T,ACORDAO-COMPLETO-20826,Representação.
1022,P,ACORDAO-COMPLETO-20826,Infringência a dispositivos da Lei 8.666/93.
1023,O,ACORDAO-COMPLETO-20826,"Renovação de contrato de prestação de serviços de limpeza e conservação, sem considerar que o valor estabelecido no contrato ultrapassava, à época, o valor limite estabelecido para a modalidade licitada (Tomada de Preços)."
1024,P,ACORDAO-COMPLETO-20826,Descumprimento de determinação do controle interno no sentido de que fosse realizada nova licitação.
1025,P,ACORDAO-COMPLETO-20826,Assinatura de contrato emergencial sem a devida caracterização de emergência.
1026,A,ACORDAO-COMPLETO-20826,Conhecimento da solicitação como Representação.
1027,E,ACORDAO-COMPLETO-20826,Audiência do responsável.
1028,E,ACORDAO-COMPLETO-20826,Revelia.
1029,R,ACORDAO-COMPLETO-20826,Aplicação de multa.
1030,R,ACORDAO-COMPLETO-20826,Autorização para cobrança judicial da dívida.
1031,R,ACORDAO-COMPLETO-20826,Encaminhamento ao Ministério Público Federal.
1032,R,ACORDAO-COMPLETO-20826,"Remessa de cópia do relatório, voto e acórdão ao interessado."
1033,R,ACORDAO-COMPLETO-20826,Juntada do processo às contas da entidade relativas aos exercícios de 2001 e 2002.
1034,T,ACORDAO-COMPLETO-16788,Representação.
1035,N,ACORDAO-COMPLETO-16788,Banco do Brasil S/A.
1036,P,ACORDAO-COMPLETO-16788,Possível irregularidade no edital da Tomada de Preços Gerie 03/606 (1970).
1037,O,ACORDAO-COMPLETO-16788,"Reforma da agência João Alfredo, em Recife (PE)."
1038,P,ACORDAO-COMPLETO-16788,Alterações contratuais.
1039,A,ACORDAO-COMPLETO-16788,Conhecimento.
1040,D,ACORDAO-COMPLETO-16788,Improcedência.
1041,R,ACORDAO-COMPLETO-16788,Ciência ao interessado.
1042,R,ACORDAO-COMPLETO-16788,Arquivamento.
1043,T,ACORDAO-COMPLETO-15465,Representação.
1044,O,ACORDAO-COMPLETO-15465,Irregularidades em procedimento licitatório para aquisição de alimentos.
1045,P,ACORDAO-COMPLETO-15465,"Ofensa aos princípios constitucionais da publicidade, da igualdade, da isonomia e da impessoalidade, e ao caráter competitivo da licitação."
1046,P,ACORDAO-COMPLETO-15465,Enquadramento discricionário nas modalidades licitatórias em face da ausência de critérios objetivos.
1047,A,ACORDAO-COMPLETO-15465,Conhecimento.
1048,D,ACORDAO-COMPLETO-15465,Procedência.
1049,R,ACORDAO-COMPLETO-15465,Determinação com vistas à anulação do convite e do contrato.
1050,R,ACORDAO-COMPLETO-15465,Demais determinações.
1051,R,ACORDAO-COMPLETO-15465,Alerta à Petrobrás acerca das responsabilidades por atos discricionários contrários aos princípios constitucionais.
1052,T,ACORDAO-COMPLETO-24606,Tomada de Contas Especial.
1053,P,ACORDAO-COMPLETO-24606,Irregularidades na alienação de bens da Funasa via leilão.
1054,E,ACORDAO-COMPLETO-24606,Citação.
1055,E,ACORDAO-COMPLETO-24606,Revelia.
1056,D,ACORDAO-COMPLETO-24606,Contas irregulares.
1057,D,ACORDAO-COMPLETO-24606,Débito.
1058,R,ACORDAO-COMPLETO-24606,Multa.
1059,R,ACORDAO-COMPLETO-24606,Autorização para cobrança judicial das dívidas.
